-- phpMyAdmin SQL Dump
-- version 5.1.1
-- https://www.phpmyadmin.net/
--
-- Hôte : 127.0.0.1
-- Généré le : sam. 04 juin 2022 à 13:39
-- Version du serveur : 10.4.22-MariaDB
-- Version de PHP : 7.4.27

SET SQL_MODE = "NO_AUTO_VALUE_ON_ZERO";
START TRANSACTION;
SET time_zone = "+00:00";


/*!40101 SET @OLD_CHARACTER_SET_CLIENT=@@CHARACTER_SET_CLIENT */;
/*!40101 SET @OLD_CHARACTER_SET_RESULTS=@@CHARACTER_SET_RESULTS */;
/*!40101 SET @OLD_COLLATION_CONNECTION=@@COLLATION_CONNECTION */;
/*!40101 SET NAMES utf8mb4 */;

--
-- Base de données : `blog2`
--

-- --------------------------------------------------------

--
-- Structure de la table `articles`
--

CREATE TABLE `articles` (
  `id` int(11) NOT NULL,
  `image` text NOT NULL,
  `titre` varchar(255) NOT NULL,
  `publication` datetime NOT NULL DEFAULT current_timestamp(),
  `auteur_id` int(11) NOT NULL,
  `contenu` text NOT NULL
) ENGINE=InnoDB DEFAULT CHARSET=utf8mb4;

--
-- Déchargement des données de la table `articles`
--

INSERT INTO `articles` (`id`, `image`, `titre`, `publication`, `auteur_id`, `contenu`) VALUES
(11, 'https://cdn.shopify.com/s/files/1/0077/5192/5837/files/pourquoi-letoile-polaire-ne-bouge-pas.jpg?v=1639437664', 'Pourquoi l\'étoile Polaire ne bouge-t-elle pas dans le ciel ?', '2022-02-18 15:37:35', 1, '<span class=\"text-muted italic\">L’étoile Polaire, également connue sous le nom de Polaris, se distingue des autres étoiles du ciel par sa position fixe dans le ciel. Depuis de nombreux millénaires, cette étoile marque l’emplacement exact du pôle Nord. Depuis la nuit des temps, les astronomes et les voyageurs peuvent s’orienter en repérant l’étoile Polaire dans le ciel.</span>\r\n<br /><br />\r\n<b>Pourquoi l’étoile Polaris ne bouge-t-elle pas dans le ciel nocturne ?</b>\r\n<br /><br />\r\nEn réalité, aucune étoile ne bouge réellement dans le ciel nocturne. C’est pour cela que l’on qualifie également les étoiles d’astres fixes pour signifier que les étoiles ont une position fixe dans le ciel, tandis que les planètes parcourent le système solaire en gravitant autour du Soleil.\r\n<br /><br />\r\nOr le mouvement apparent des étoiles provient du mouvement de rotation de la Terre. La Terre effectue une rotation complète sur elle-même toutes les 24 heures. C’est la raison pour laquelle, lorsque l’on prend une photo du ciel nocturne en laissant l’obturateur ouvert durant de nombreuses minutes, on aperçoit le mouvement circulaire apparent que tracent les étoiles dans le ciel. Ce que l’on aperçoit en fait est le mouvement de rotation de la Terre sur son axe.\r\n<br /><br />\r\nDans la direction du Nord, l’axe de rotation de la Terre pointe presque directement sur l’étoile Polaris. C’est pour cela qu’elle parait fixe alors que les autres étoiles tracent des cercles autour de l’axe Nord/Sud de la Terre. Les autres étoiles paraissent presque être en orbite autour de l\'étoile Polaire.\r\n<br /><br />\r\n<b>Dans quelle constellation se trouve l’étoile Polaire ?</b>\r\n<br /><br />\r\nPolaris se trouve dans la constellation de la Petite Ours. L’étoile se situe à environ 433 années-lumière de la Terre. Polaris est en réalité un système stellaire binaire composé de deux étoiles. L\'étoile Polaire n\'est visible que dans l\'hémisphère Nord.\r\n<br /><br />\r\n<b>Comment trouver l’étoile polaire ?</b>\r\n<br /><br />\r\nQuand on connait la technique, l’étoile Polaire est relativement facile à trouver. L’une des meilleures techniques pour parvenir à repérer Polaris consiste à se servir de la Grande Ours.\r\n<br />\r\n<ol>\r\n <li>   Il faut d’abord trouver la constellation de la Grande Ours. Les étoiles de la Grande Ours sont plus brillantes que celles de la Petite Ours. Elles servent donc de repère dans le ciel pour trouver l’étoile Polaire. </li>   \r\n<br />\r\n<li>       Une fois la Grande Ours repérée, il faut utiliser les étoiles Dubhe et Merak qui compose le chaudron de cette constellation et qui indiquent le chemin vers l’étoile du Nord. </li>   \r\n<br />\r\n   <li>     Une fois ces deux étoiles trouvées, il suffit de tracer une ligne imaginaire entre ces deux étoiles et d’étendre cette distance cinq fois. On parvient alors directement à Polaris qui est située au bout du manche de la Petite Ours. </li>   \r\n</ol>\r\n<br />\r\n\r\n<b>Polaris a-t-elle toujours été l’étoile Polaire ?</b>\r\n<br /><br />\r\nAu fil du temps, le rôle de l’étoile Polaire est tenu par différentes étoiles situées toutes plus au moins près du centre du pôle Nord céleste.  \r\n<br /><br />\r\nPar conséquent, Polaris est simplement le nom que l’on donne à l’étoile qui se situe le plus près du pôle Nord de la Terre. Actuellement, la position de l’étoile Polaire est occupée depuis plus de 1500 ans par l’étoile Alpha Ursae Minoris (Alpha Petite Ours). Dans plusieurs siècles, la position actuelle de l’étoile Polaire sera occupée par l’étoile Y Cephei. Cette dernière sera l’étoile la plus près du pôle Nord céleste pendant un peu plus de 2000 ans.\r\n<br /><br />\r\n<b>Pourquoi le pôle ne pointe-t-il pas toujours dans la même direction ?</b>\r\n<br /><br />\r\nLe mouvement qui modifie le pôle Nord céleste porte le nom de précession. Au cours d’une période d’environ 26 000 ans, l’axe de rotation de la Terre trace un cercle imaginaire dans le ciel. Comme une toupie mal lancée, le pôle Nord de la Terre oscille sur son axe.'),
(12, 'http://astronova.fr/wp-content/uploads/2018/07/Jupiter_Moons_Orbits-800x500.png', 'Et encore 10 lunes de plus pour Jupiter !', '2022-02-18 15:54:07', 1, '<span class=\"text-muted italic\">Un an après la découverte de ses deux dernières lunes Jupiter LIV et Jupiter LIX, la cinquième planète de notre système solaire compte désormais 10 satellites naturels supplémentaires, soit 79 au total !</span>\r\n<br /><br>\r\nLa famille de la plus grande planète du Système Solaire n’en fini plus de s’agrandir. Alors qu’un groupe de scientifiques scrutait le ciel à la recherche de l’énigmatique Planet X, ils ont fait une autre découverte. L’équipe de Scott Sheppard a remarqué des petits points blancs qui accompagnaient le mouvement de Jupiter. Plusieurs mois ont été nécessaires pour confirmer l’existence de ces satellites naturels.\r\n<br /><br>\r\nL’année dernière déjà, deux satellites baptisés Jupiter LIV (anciennement S/2016 J 1) et Jupiter LIX (anciennement S/2017 J 1) avaient été débusqués autour de la géante rouge.\r\n<br /><br>\r\n<b>Une petite lune ronde très étrange</b>\r\n<br /><br>\r\nSi la plupart de ces satellites sont de simples roches de quelques kilomètres de diamètre sans grand intérêt scientifique, l’un d’eux a surpris tout le monde. Provisoirement baptisée Valetudo, la plus petite de ces nouvelles lunes (orbite en vert ci-dessus) a un comportement bizarre. Elle orbite dans le même sens que Jupiter (on dit qu’elle est prograde) alors qu’elle se trouve dans une zone où tous les autres satellites orbitent en sens inverse (rétrograde). C’est un peu comme rouler en contresens sur l’autoroute. La petite Valetudo risque la collision avec une autre lune qui la pulvériserait.\r\n<br /><br>\r\nLa moisson est certainement loin d’être finie. Nul doute que d’autres lunes vont être découvertes dans les années à venir, notamment autour des autres géantes gazeuses comme Saturne (62 satellites connus), Uranus (27 satellites connus) et Neptune (14 satellites connus).\r\n<br /><br /> \r\n<center>********************************</center>\r\n<br />\r\n<h4>Source :</h4>  http://astronova.fr/et-encore-10-lunes-de-plus-pour-jupiter/'),
(18, 'http://astronova.fr/wp-content/uploads/2020/11/sliderdirecttv15-1284x680-1.jpg', 'Constellations de satellites : attention, danger', '2022-02-23 17:19:03', 2, '<span class=\"text-muted italic\">Il y a quelques jours, la société DirecTV a entamé une manoeuvre de désorbitation de l’un de ses satellites de télécommunication qui menaçait d’exploser. L’engin de 4 tonnes aurait semble-t-il subi une anomalie de batterie. Mais cet incident est le symptôme d’un mal plus profond qui touche un marché en pleine controverse.</span>\r\n<br /><br />\r\nLes satellites de télécommunication, sont désormais envoyés par grappes, pour former ce que l’on appelle des constellations. Mais ces dernières, qui compteront bientôt plusieurs dizaines de milliers de satellites, deviennent une menace pour l’Homme.\r\n<br /><br />\r\nPoussés par une consommation frénétique de vidéo à la demande et par l’émergence des nanosats, le marché de satellites de télécommunication vit depuis quelques années un vrai bouleversement. Finis les satellites isolés et responsables d’une seule tâche, les satellites travaillent désormais à plusieurs, en constellations. Mais comment fonctionnent-elles et à quoi servent-elles ? \r\n<br /><br />\r\nDans une constellation, chaque satellite couvre une certaine partie de la Terre, et à plusieurs, ils permettent un affichage plus précis ou un envoi de signal plus puissant. Dans le cas des satellites de télécommunication, l’idée consiste à créer un réseau capable de relier n’importe quel point du globe à Internet et ce, à une vitesse proche de celle fournie par la fibre optique. Les géants du numériques se sont donc lancés depuis quelques années dans une véritable course au déploiement. Le but ? Etre les premiers à créer le réseau le plus complet et puissant possible. \r\n<br /><br />\r\nLa société américaine OneWeb devrait avoir mis en orbite plus de 600 satellites d’ici 2022. Kuiper (Amazon) prévoit la mise en orbite de plus de 3200 satellites. Et Starlink (SpaceX) est en train d’en déployer 12 000 d’ici 2025 et devrait recevoir sous peu les autorisations pour en déployer 30 000 de plus, soit une méga constellation de 42 000 satellites ! A titre de comparaison, on ne compte aujourd’hui « que » 2500 satellites actifs en orbite terrestre et pourtant, l’espace est déjà bien pollué.# y a quelques jours, la société DirecTV a entamé une manoeuvre de désorbitation de l’un de ses satellites de télécommunication qui menaçait d’exploser. L’engin de 4 tonnes aurait semble-t-il subi une anomalie de batterie. Mais cet incident est le symptôme d’un mal plus profond qui touche un marché en pleine controverse.\r\n<br /><br />\r\n<b>Un accroissement de la pollution spatiale</b>\r\n<br /><br />\r\nQui dit plus de satellites, dit plus de débris spatiaux. En effet, chaque satellite envoyé dans l’espace représente un risque. Si l’un d’entre eux tombe en panne et devient incontrôlable, il pourrait un jour percuter un autre satellite, créant ainsi une des milliers de débris, qui représentent à leur tour un danger.\r\n<br /><br />\r\nLa pollution est aussi lumineuse et touche notamment les astronomes. Il est aujourd’hui devenu assez courant de croiser un satellite lors d’une séance d’observation. Ce sont ces petits points blanc qui traversent le ciel à vitesse constante. Mais plus l’espace se remplit de satellites, plus le ciel nocturne se transformera en un ballet ininterrompu de guirlandes.\r\n<br /><br />\r\nPar ailleurs, comme n’importe quel engin spatial, les satellites ont tendance à réfléchir la lumière du Soleil. Si cette réflexion permet de repérer les satellites, elle a aussi pour conséquence de détériorer les lentilles d’observation disséminées aux quatre coins du globe, que ce soit dans les observatoires ou les télescopes amateurs.\r\n<br /><br />\r\n<b>Saturation de l’orbite basse : un enjeu géopolitique</b>\r\n<br /><br />\r\nMais au-delà de considérations environnementales se cache un véritable enjeu politique. Les satellites de télécommunication de SpaceX sont placés à une altitude bien plus basse que pour les autres opérateurs. Les satellites de Starlink circulent entre 550km et 7500km d’altitude, contre 36 000 km en moyenne. En saturant l’orbite basse, ces sociétés, pour la plupart américaines, privent les autres pays de place pour déployer leurs propres satellites et permettent ainsi à leur état d’avoir indirectement la main mise sur cette partie de l’espace hautement stratégique. Faute d’espace, les prochains acteurs à se lancer sur le marché devraient être contraint de placer leurs satellites plus haut, ce qui leur couterait aussi plus cher. \r\n<br /><br />\r\n<center>--------------------------------------------</center>\r\n<br />\r\n<h4>Source : </h4> : http://astronova.fr/constellations-de-satellites-attention-danger/'),
(19, 'http://www.association-jspr.com/wp-content/uploads/2015/03/voie-lactee-1024x576.jpg', 'Pourquoi y a-t-il quelque chose plutôt que rien ?', '2022-03-02 10:44:01', 1, '<span class=\"text-muted italic\">La question obsède tous ceux qui s’intéressent à la cosmologie. Aujourd’hui, du fait des observations et des réflexions qui se sont déroulées depuis un siècle, elle se pose à l’intérieur de contraintes nouvelles.</span>\r\n<br /><br />\r\nNous savons maintenant que notre univers est apparu il y a 13,8 milliards d’années. On peut le définir au « début » comme une graine porteuse de tout le potentiel qui s’est développé ensuite, aussi bien en termes de matière visible ou de matière noire, que de force d’expansion, de force d’accélération de cette expansion (l’énergie sombre ?), et de force de gravité.\r\n<br /><br />\r\nAu début cette graine n’était qu’un point (l’« atome primitif » de Georges Lemaître), et d’après ce qu’on peut en déduire de son histoire ultérieure en partant de maintenant (c’est en remontant le temps qu’on a pu le concevoir et le déduire par le calcul), ce point était extrêmement dense et porteur d’une énergie extrêmement élevée puisqu’aujourd’hui encore il n’a pas épuisé, et de loin, son potentiel.\r\n<br /><br />\r\nY avait-il quelque chose avant ou y a-t-il quelque chose en dehors ? C’est en fait les deux mêmes sous-questions à la première (Pourquoi y a-t-il quelque chose…), tant, nous le savons aujourd’hui, le temps et l’espace sont étroitement liés.\r\n<br /><br />\r\nLes cosmologues ou les théoriciens du temps, comme le physicien Carlo Rovelli, qui ont compris que le temps était lié à la matière, répondent qu’il ne pouvait y avoir de temps sans matière, donc qu’il n’y avait pas de temps « avant ».\r\n<br /><br />\r\nCeux qui pensent qu’il n’y a rien en dehors de l’Univers, comme la plupart des cosmologues, pensent que son espace est illimité, même s’il est fini avec un début et une fin, et donc qu’il n’a pas d’extérieur. Ce qui ne serait pas dans l’Univers ne pourrait exister, ni dans le temps ni dans l’espace, et donc se poser la question d’une masse, d’un espace ou d’un temps qui s’écoule hors de l’Univers n’a pas de sens.\r\n<br /><br />\r\nL’Univers est une bulle sans bord qui gonfle depuis un moment précis (il y a 13,8 milliards d’années) à partir de ce Point et dont l’expansion s’accélère sans cesse pour un jour lointain conduire le tout, irrémédiablement, par dispersion intégrale, à une mort thermique universelle.\r\n<br /><br />\r\nMais cette position ne peut résoudre totalement l’énigme de l’Origine. Car s’il y a eu « quelque-chose » à un certain moment c’est que ce quelque-chose avait une cause. Or la relation de causalité suppose une succession dans le temps, un « avant » précédant la « conséquence ».\r\n<br /><br />\r\nAlors que pouvait-il bien y avoir « avant », pour que ce Point surgisse ?\r\n<br /><br />\r\nCertains disent que l’Univers serait sorti d’une fluctuation quantique, selon le même principe que le vide spatial n’est pas vraiment vide mais animé de ces fluctuations faisant surgir à tout moment une multitude de paires de particules et d’antiparticules s’annihilant quasi-immédiatement.\r\n<br /><br />\r\nUne démonstration théorique crédible déroulée par Stephen Hawking est celle du rayonnement des trous noirs qui résulterait des conditions gravitaires extraordinaires de l’environnement proche de leur « horizon des événements ». Selon cette théorie, la force de marée énorme générée à cette distance (rayon de Scwarzschild) par le champ gravitationnel d’un trou noir, permettrait d’éloigner suffisamment les antiparticules de leurs jumelles virtuelles, les particules positives, avant leur annihilation réciproque, libérant ainsi ces dernières à une vitesse suffisante (leur masse ayant été réduite de moitié) pour qu’elles puissent s’échapper de l’attraction du trou noir et rayonner.\r\n<br /><br />\r\nOn pourrait donc imaginer qu’il aurait pu exister des champs de bosons, constituant la trame du futur Univers et lui préexistant, qui auraient pu être utilisés par un phénomène du même type. Mais attention cependant ! le champ de bosons dans lequel circulent « nos » bosons est sans doute un produit de notre univers, celui qui existe à partir du Big-Bang et dans lequel nous sommes aujourd’hui. Pour qu’il y ait eu une Origine par manifestation d’un phénomène quantique, il aurait donc fallu qu’un mécanisme quantique équivalent à ce champ de bosons qui nous est propre se produise avant le Big-Bang.\r\n<br /><br />\r\nOn entre ici dans l’hypothèse des multivers, ces univers en nombres infinis qui naissent et meurent et coexistent en parallèle au nôtre. Pourquoi pas ? L’existence d’un espace dans lequel ce phénomène pourrait se produire serait une des explications possibles de l’apparition de notre propre Univers. Une alternative serait la re-formation d’un nouvel éon après l’épuisement du précédent et réutilisant sa structure évanouie, selon la théorie de la Cosmologie Cyclique Conforme de Roger Penrose.\r\n<br /><br />\r\nCertains cosmologues recherchent à la surface du Fond-diffus-cosmologique, cette image qui nous provient du moment où, 380.000 ans après le Big-Bang, la lumière s’est libérée de la matière, une dissymétrie qui au-delà des anisotropies, pourrait indiquer un frottement avec une autre bulle d’univers, ou la trace d’un éon précédent. Il y a bien un « point froid » ou un « super-vide » sur ce Fond, une zone assez large, deux milliards d’années-lumière, vingt fois la surface du disque lunaire, où les photons apparaissent nettement plus froids ou plus rares qu’ailleurs. Mais jusqu’à présent rien ne peut permettre de l’interpréter dans le sens d’un autre univers extérieur ou précédent.\r\n<br /><br />\r\nDe toute façon cela ne ferait que reporter le problème car cet espace antérieur à notre Univers ou l’englobant, ou encore l’éon antérieur au nôtre et, au-delà, l’éon primitif ou mieux encore, l’atome primitif de l’éon primitif, d’où viendrait-il ? Quelle en serait l’origine ?\r\n<br /><br />\r\nOn voit bien que l’on ne peut trouver de réponse scientifique satisfaisante à l’apparition de l’Univers. Soit le milieu dans lequel il apparait existe de toute éternité mais nous n’avons pas le moindre indice qu’un autre univers existe, soit il résulte d’une Création…mais d’où proviendrait le Créateur-incréé ?\r\n<br /><br />\r\nJe vous laisse sur cette réflexion.\r\n<br /><br />\r\n<b>Lectures :</b>\r\n<ul style=\"list-style-type:none\">\r\n<br /> <li>   ‣ <b>Jean-Pierre Luminet et Marc Lachièze Rey</b> : <i>De l’infini</i>, EKHO, 2019.\r\n\r\n<br /> <li>   ‣ <b>Carlo Rovelli</b> : <i>L’ordre du Temps</i>, chez Flammarion, Champs Science, 2019.\r\n\r\n<br /> <li>   ‣ <b>Michel Cassé</b> : <i>Du vide et de la Création</i>, Odile Jacob, 2001.\r\n\r\n<br /> <li>   ‣ <b>Istvan Szapudi</b> : <i>Detection of a supervoid aligned with the cold spot of the cosmic microwave background</i>, MNRAS, vol. 450, n° 1, pp. 288-294, 2015.\r\n\r\n<br /> <li>   ‣ <b>Michel-Yves Bolloré/Olivier Bonnassies</b> : <i>Dieu, La Science, les preuves</i>, Guy Trédaniel (2021).\r\n</ul>\r\n<br />\r\n<center>--------------------------------------------</center>\r\n<br />\r\n<h4>Source : </h4>  https://blogs.letemps.ch/pierre-brisson/2022/02/19/pourquoi-y-a-t-il-quelque-chose-plutot-que-rien\r\n'),
(20, 'https://img.lemde.fr/2022/01/24/0/0/3000/2000/664/0/75/0/eaa750f_e9f6309aafb747b7908971968a884dcf-e9f6309aafb747b7908971968a884dcf-0.jpg', 'Le télescope spatial James-Webb est arrivé à destination, à 1,5 million de kilomètres de la Terre', '2022-03-02 20:10:44', 1, '<span class=\"text-muted italic\">Dans son orbite finale, le télescope essaiera de capter le rayonnement des premières étoiles et galaxies de l’univers. La NASA s’attend à recevoir les premières images cet été</span>. \r\n<br /><br />\r\nPresque un mois après son lancement, le télescope spatial James-Webb a atteint son orbite finale, à 1,5 million de kilomètres de la Terre, depuis laquelle il pourra notamment permettre d’observer les premières galaxies de l’Univers, a confirmé la NASA lundi 24 janvier.\r\n<br /><br />\r\nIl a activé ses propulseurs à environ 20 heures afin d’atteindre le point de Lagrange 2 ou « L2 », idéal pour observer le cosmos. «  <cite>Bienvenue à la maison, Webb !</cite>, s’est exclamé le patron de l’agence spatiale américaine, Bill Nelson, dans un communiqué. <cite>Nous avons fait un pas de plus vers la mise au jour des mystères de l’Univers. Et j’ai hâte de voir les premières nouvelles images de l’Univers par Webb cet été !</cite> »\r\n<br /><br />\r\nÀ cette orbite minutieusement choisie, la Terre, le Soleil et la Lune se trouveront tous de l’autre côté de son pare-soleil, ce qui lui assurera d’opérer dans l’obscurité et dans un très grand froid, indispensables à l’étude des premiers rayonnements cosmiques par ses capteurs infrarouges.\r\nLire aussi Article réservé à nos abonnés L’œil du télescope spatial James-Webb s’est ouvert\r\n<br /><br />\r\nC’est la troisième fois que le télescope actionne ainsi ses propulseurs depuis son lancement à bord d’une fusée Ariane 5, le 25 décembre.\r\n<br /><br />\r\n<b>Une mission de vingt ans</b>\r\n<br /><br />\r\nLa grande impulsion fournie par la fusée avait en effet été sciemment minimisée pour éviter que l’instrument dépasse son objectif, sans véritable espoir de retour, et il devait encore, par petites poussées successives, s’y placer de lui-même.\r\n<br /><br />\r\nLa durée de la mission pourrait être de vingt ans, selon Keith Parrish, l’un des responsables du projet. Une possibilité, qui n’est pas envisagée pour le moment, serait qu’une mission future aille dans l’espace pour alimenter le télescope en carburant.\r\n<br /><br />\r\nLe télescope James-Webb, dont le coût pour la NASA est estimé à 10 milliards de dollars, est l’un des équipements scientifiques les plus chers jamais construits, comparable à son prédécesseur Hubble ou à l’immense accélérateur de particules de l’Organisation européenne pour la recherche nucléaire (CERN).\r\n<br /><br />\r\nMais, tandis qu’Hubble était placé en orbite autour de la Terre, Webb gravitera dans la zone de l’espace baptisée point de Lagrange 2, où les forces d’attraction de la Terre et du Soleil sont contrebalancées par la force centrifuge du télescope, permettant une trajectoire stable avec une moindre utilisation de carburant.\r\n<br /><br />\r\n<b>En contact permanent avec la Terre</b>\r\n<br /><br />\r\nLe nouveau télescope ne sera pas exactement au point L2, mais oscillera autour de lui en « <cite>halo</cite> » à une distance similaire à celle de la Terre et de la Lune, selon un cycle de six mois.\r\n\r\n<br /><br />\r\nD’autres missions spatiales ont auparavant été placées sur L2, comme le télescope spatial infrarouge Herschel développé par l’Agence spatiale européenne ou un satellite de la NASA qui avait déjà pour objectif d’étudier le big bang.\r\n<br /><br />\r\nLe positionnement de James-Webb lui permettra également de rester en contact permanent avec la Terre par le Deep Space Network, un réseau de trois grandes antennes en Australie, en Espagne et en Californie.\r\n<br /><br />\r\nLa NASA avait réussi au début de janvier à déployer l’immense miroir du télescope qui lui permettra de recevoir des rayonnements émis par les premières étoiles et galaxies, formées il y a plus de 13,4 milliards d’années, moins de 400 millions d’années après le big bang.\r\n<br /><br />\r\nAvec l’expansion de l’Univers, cette lumière parcourt toujours plus de chemin pour atteindre l’observateur, et ce faisant elle « rougit ». Comme le bruit d’un objet qui s’éloigne s’assourdit, l’onde lumineuse s’étire et passe de la fréquence visible à l’œil nu à celle de l’infrarouge.\r\n<br /><br />\r\n<b>Explorer les exoplanètes</b>\r\n<br /><br />\r\nOr, Webb, contrairement à Hubble, est équipé pour percevoir ces signaux infrarouges, ce qui lui permettra de voir non seulement des objets plus anciens, mais aussi les nuages de poussière interstellaire qui absorbent la lumière des étoiles et les cachent au regard d’Hubble.\r\n<br /><br />\r\nIl doit également faire un grand pas dans l’exploration des exoplanètes, en orbite autour d’autres étoiles que le Soleil. Il examinera leur atmosphère, en quête de conditions propices à l’apparition de la vie.\r\n<br /><br />\r\nProchaine étape : ses instruments scientifiques doivent encore refroidir avant d’être très précisément calibrés. Ses premières images devraient être transmises en juin ou juillet.\r\n<br /><br /> \r\n<center>********************************</center>\r\n<br />\r\n<h4>Source :</h4>\r\n  https://www.lemonde.fr/sciences/article/2022/01/25/le-telescope-spatial-james-webb-est-arrive-a-destination_6110811_1650684.html'),
(21, 'https://www.cieletespace.fr/media/default/0001/22/eso2204a-621f.jpeg', 'Le trou noir le plus proche de la Terre n’est pas celui que l’on pensait', '2022-03-02 20:12:42', 1, '<span class=\"text-muted italic\">Une équipe d’astronomes a observé le système HR 6819, supposé abriter le trou noir stellaire le plus proche de la Terre. Les données recueillies ont permis d’infirmer la présence du monstre cosmique, HR 6819 n’étant composé que deux étoiles ayant une période orbitale élevée</span>.\r\n<br /><br />\r\nGrâce au très haut niveau de détail du Very Large Telescope (VLT), des astronomes ont découvert que le trou noir le plus proche de la Terre… n’existait pas. Une équipe de l’Université catholique de Louvain (KU Leuven) révèle, dans une étude publiée le 2 mars dans Astronomy & Astrophysics, que le système HR 6819 n’est pas composé de deux étoiles orbitant autour d’un trou noir, mais simplement de deux étoiles.\r\n<br /><br />\r\nPeu après l’annonce de la découverte du trou noir, en 2020, l’astrophysicienne Julia Bodensteiner, de l’Observatoire européen austral (ESO), avait avancé l’idée que les deux étoiles pouvaient avoir une période orbitale élevée, de 40 jours, sans nécessairement induire la présence d’un trou noir. Les observations de HR 6819 ont donc repris, en collaboration avec l’ESO et son puissant VLT.\r\n<br /><br />\r\nDeux instruments installés sur l’interféromètre du VLT ont permis d’analyser en détail HR 6819 : Gravity et le spectroscope Muse (pour Multi Unit Spectroscopic Explorer). Les nouvelles données montrent qu’il n’y a pas de corps entre les deux étoiles, séparées par seulement un tiers de la distance Terre-Soleil, soit environ 50 millions de kilomètres. L’un des astres aurait aspiré une partie de l’atmosphère de l’étoile voisine, dans un phénomène nommé « vampirisme stellaire », ayant orienté l’étude précédente sur la piste d’un trou noir.\r\n<br /><br />\r\n<h4>Vampirisme cosmique</h4>\r\n<br />\r\nL’étude de 2020 se basait déjà sur l’observation des deux astres de HR 6819. Plusieurs éléments venaient alors corroborer la théorie selon laquelle les étoiles orbitaient autour d’un troisième astre : un potentiel trou noir de plus de 4 masses solaires. La découverte de ce trou noir avait suscité un grand intérêt chez scientifiques et les médias. L’objet, situé à 1000 années-lumière du Système solaire, était considéré comme le trou noir le plus proche de la Terre. Cette place reste donc à celui de V616 de la Licorne, distant de 3300 années-lumière.\r\n<br /><br />\r\nLes astronomes ont déjà annoncé leur intention d’effectuer de plus amples observations grâces aux télescopes de l’ESO, afin d’en apprendre davantage sur la dynamique du système double. En parallèle, la chasse aux trous noirs continue. Ces monstres cosmiques seraient présents en nombre au sein de la Voie lactée : la Nasa estime que l’on pourrait compter entre 10 millions et un milliard de trous noirs stellaires répartis au travers de la Galaxie.\r\n<br /><br />\r\n\r\n<center>********************************</center>\r\n<br />\r\n<span class=\"text-muted italic\">Une équipe d’astronomes a observé le système HR 6819, supposé abriter le trou noir stellaire le plus proche de la Terre. Les données recueillies ont permis d’infirmer la présence du monstre cosmique, HR 6819 n’étant composé que deux étoiles ayant une période orbitale élevée</span>.\r\n<br /><br />\r\nGrâce au très haut niveau de détail du Very Large Telescope (VLT), des astronomes ont découvert que le trou noir le plus proche de la Terre… n’existait pas. Une équipe de l’Université catholique de Louvain (KU Leuven) révèle, dans une étude publiée le 2 mars dans Astronomy & Astrophysics, que le système HR 6819 n’est pas composé de deux étoiles orbitant autour d’un trou noir, mais simplement de deux étoiles.\r\n<br /><br />\r\nPeu après l’annonce de la découverte du trou noir, en 2020, l’astrophysicienne Julia Bodensteiner, de l’Observatoire européen austral (ESO), avait avancé l’idée que les deux étoiles pouvaient avoir une période orbitale élevée, de 40 jours, sans nécessairement induire la présence d’un trou noir. Les observations de HR 6819 ont donc repris, en collaboration avec l’ESO et son puissant VLT.\r\n<br /><br />\r\nDeux instruments installés sur l’interféromètre du VLT ont permis d’analyser en détail HR 6819 : Gravity et le spectroscope Muse (pour Multi Unit Spectroscopic Explorer). Les nouvelles données montrent qu’il n’y a pas de corps entre les deux étoiles, séparées par seulement un tiers de la distance Terre-Soleil, soit environ 50 millions de kilomètres. L’un des astres aurait aspiré une partie de l’atmosphère de l’étoile voisine, dans un phénomène nommé « vampirisme stellaire », ayant orienté l’étude précédente sur la piste d’un trou noir.\r\n<br /><br />\r\n<h4>Vampirisme cosmique</h4>\r\n<br />\r\nL’étude de 2020 se basait déjà sur l’observation des deux astres de HR 6819. Plusieurs éléments venaient alors corroborer la théorie selon laquelle les étoiles orbitaient autour d’un troisième astre : un potentiel trou noir de plus de 4 masses solaires. La découverte de ce trou noir avait suscité un grand intérêt chez scientifiques et les médias. L’objet, situé à 1000 années-lumière du Système solaire, était considéré comme le trou noir le plus proche de la Terre. Cette place reste donc à celui de V616 de la Licorne, distant de 3300 années-lumière.\r\n<br /><br />\r\nLes astronomes ont déjà annoncé leur intention d’effectuer de plus amples observations grâces aux télescopes de l’ESO, afin d’en apprendre davantage sur la dynamique du système double. En parallèle, la chasse aux trous noirs continue. Ces monstres cosmiques seraient présents en nombre au sein de la Voie lactée : la Nasa estime que l’on pourrait compter entre 10 millions et un milliard de trous noirs stellaires répartis au travers de la Galaxie.\r\n<br /><br />\r\n\r\n<center>********************************</center>\r\n<br />\r\n<h4>Source :</h4> \r\nhttps://www.cieletespace.fr/actualites/le-trou-noir-le-plus-proche-de-la-terre-n-est-pas-celui-que-l-on-pensait?\r\n\r\n\r\n'),
(22, 'https://wornandwound.com/library/uploads/2015/06/alexei-leonov.jpg', 'Le cosmonaute Alexei Leonov : biographie et vie personnelle', '2022-03-04 14:03:41', 2, '<span class=\"text-muted italic\">Alexei Leonov est né le 30 mai 1934 dans le petit village de Listvianka, à 600 kilomètres au nord de la ville de Kemerovo, au sud-est de la Sibérie occidentale. La famille était nombreuse, Alex était le huitième enfant</span>.\r\n<br /><br />\r\nÀ un âge précoce, il a montré un intérêt pour l\'art et l\'aviation. En 1936, le père d\'Alexei Leonov devient l\'objet de répression, mais est réhabilité en 1939. La famille a déménagé à Kemerovo, puis à Kaliningrad, où vivent actuellement les parents de Leonov. En 1953, Alexei a obtenu son diplôme d\'études secondaires. À cette époque, il avait obtenu de bons résultats dans ses études, un succès dans le sport et en savait beaucoup sur les avions. Grâce à son frère aîné, qui était technicien d\'aéronef, Alexei Leonov a beaucoup appris sur les moteurs d\'avion, la construction d\'avions et même la théorie du vol. Cela suffisait pour entrer à l\'école d\'aviation, dont Leonov rêvait depuis l\'enfance.\r\n<br /><br />\r\n<h4>Carrière d\'astronaute</h4>\r\n<br />\r\nAlexei a étudié à l\'École d\'aviation militaire pour la formation initiale des pilotes à Kremenchug. Il entre ensuite à l\'École de pilotes d\'aviation militaire de Chuguev, dont le futur célèbre astronaute reçoit son diplôme en 1957. En 1960, Alexei Leonov a passé les tests nécessaires et a été enrôlé dans le corps des cosmonautes. Ce fut un très grand honneur, car la profession d\'astronaute était parmi les plus privilégiées et les plus respectées de l\'Union soviétique.\r\n<br /><br />\r\nEn 1960-1961, Leonov a étudié dans des cours de formation de cosmonautes. Le 17 mars 1965, Alexei Leonov est nommé deuxième pilote de la mission Voskhod-2. Le vaisseau spatial avec deux astronautes à bord est allé dans l\'espace et y est resté pendant 1 jour, 2 heures, 2 minutes et 17 secondes. Alexei Leonov a quitté le vaisseau spatial et est resté dans un espace ouvert pendant 12 minutes et 9 secondes. En essayant de retourner à bord du vaisseau spatial, Leonov a réalisé que sa combinaison spatiale était enflée, donc il ne pouvait pas entrer dans le vaisseau spatial. Mais l\'astronaute n\'a pas paniqué, il a réussi à ouvrir la valve qui abaisse la pression de la combinaison et à entrer dans la planche.\r\n<br /><br />\r\nCependant, ce n\'était pas le seul problème de la mission. Avant l\'atterrissage, le système de navigation du vaisseau spatial a cessé de fonctionner. Le vaisseau spatial a atterri à 180 kilomètres au nord de la ville de Perm, dans une taïga infranchissable. Les astronautes ont passé deux nuits dans une forêt profonde sous une terrible gelée. Ce n\'est que le troisième jour qu\'un groupe de sauveteurs les a découverts. Malgré tous les problèmes de la mission, Alexei Leonov a fait le rapport le plus court et le plus optimiste de l\'histoire de l\'astronautique: \"Vous pouvez survivre et travailler dans l\'espace\". Ces mots ont commencé une nouvelle ère d\'activité humaine dans l\'espace.\r\n<br /><br />\r\nPour sa mission réussie, le lieutenant-colonel Alexei Leonov a reçu le titre de \"héros de l\'Union soviétique\" le 23 mars 1965. Il a également reçu l\'Ordre de Lénine et la médaille Gold Star.\r\n<br /><br />\r\nEn 1965-1967, Leonov a été instructeur en chef, astronaute et astronaute. En juillet 1975, Alexei Leonov effectue son deuxième vol spatial. Ce fut le premier travail conjoint de l\'URSS et des États-Unis. Leonov était le commandant du vaisseau spatial soviétique Soyouz-19. La mission a été couronnée de succès et a duré 5 jours, 22 heures, 30 minutes et 51 secondes. Le général de division Alexei Leonov a reçu la deuxième médaille de l\'étoile d\'or et le deuxième ordre de Lénine, a reçu le deuxième titre de héros de l\'Union soviétique.\r\n<br /><br />\r\nEn 1976-1982, Leonov est devenu directeur adjoint du Centre de formation des cosmonautes Yuri Gagarin. Il a également été rédacteur en chef du journal des astronautes de Neptune.\r\n<br /><br />\r\nL\'astronaute a pris sa retraite en 1991, mais Alexei Leonov mène toujours une vie active. Il est vice-président d\'une banque de Moscou et conseiller du premier conseil adjoint. Il aime aussi dessiner. Il y a eu plusieurs expositions de ses œuvres, y compris les dessins qu\'il a faits lors de ses vols dans l\'espace. Leonov est le créateur de plus de 200 tableaux. Depuis 1965, il est membre de l\'Union des Artistes.\r\n<br /><br />\r\n<center>********************************</center>\r\n<br />\r\n<h4>Source :</h4> \r\nhttps://fre.culturell.com/kosmonavt-aleksej-leonov-biografiya-i-lichnaya-zhizn-read-447324\r\n'),
(23, 'https://cdn.shopify.com/s/files/1/0077/5192/5837/files/planete-a-anneaux.jpg?v=1643499153', 'Pourquoi certaines planètes ont des anneaux ?', '2022-03-04 15:23:42', 2, '<span class=\"text-muted italic\">Pendant longtemps, on croyait que la seule planète de notre système solaire à posséder des anneaux était la planète Saturne. Mais les puissants télescopes développés ces dernières décennies ont permis de découvrir que Saturne n’était pas la seule planète à posséder des anneaux</span>.\r\n<br /><br />\r\nPourquoi certaines planètes possèdent des anneaux autour d’elles et d’autres pas? Quelle est l\'origine des anneaux qui gravitent autour d\'elles? Ces anneaux ont-ils une utilité?\r\n<br /><br />\r\n\r\n<b>Quels sont les noms des planètes qui possèdent des anneaux ?</b>\r\n<br />\r\nBien que durant des siècles on a longtemps cru que Saturne était la seule planète à posséder des anneaux, les astronomes ont désormais découvert qu’elle n’était pas la seule à posséder cette caractéristique. Parmi les huit planètes de notre système solaire, quatre sont munies d’anneaux. Il s’agit des quatre géantes gazeuses : Jupiter, Saturne, Uranus et Neptune. Parmi ces quatre planètes, Saturne est de loin la planète qui a les anneaux les plus majestueux. Ses anneaux sont si grands qu’ils sont visibles depuis la Terre à l’aide d’un télescope ordinaire.\r\n<br /><br />\r\n<b>Qui a découvert les anneaux de Saturne ?</b>\r\n<br />\r\nLes anneaux de Saturne ont été découverts par le célèbre astronome italien Galileo Galilée, en 1610. En raison de la nature rudimentaire de son télescope, les anneaux lui étaient apparus comme deux sphères placées de chaque côté de la planète, de sorte qu’il a d’abord cru qu’il s’agissait de lunes. C’est l’astronome hollandais Christian Huygens qui, grâce à des télescopes plus perfectionnés, découvrira quelques décennies plus tard que Saturne était en fait entourée d’anneaux. Au fil des siècles et des développements technologiques, les astronomes ont pu en apprendre davantage sur la nature et la composition des anneaux de Saturne.\r\n<br /><br />\r\n<b>Quelle est la différence entre les anneaux de Saturne et ceux des autres planètes ?</b>\r\n<br />\r\nContrairement aux anneaux de Saturne, les anneaux gravitant autour de Jupiter, Uranus et Neptune sont sombres et réfléchissent mal la lumière du Soleil. C’est la raison pour laquelle ils n’ont été découverts que récemment grâce notamment à l’utilisation d’instrument permettant de détecter la lumière infrarouge.\r\n<br /><br />\r\n<b>Comment se sont formés les anneaux autour des planètes ?</b>\r\n<br />\r\nIl existe plusieurs théories qui tentent d’expliquer l’origine des anneaux que l’on retrouve autour des quatre géantes gazeuses. Ces anneaux pourraient provenir des restes qui composaient les amas de particules qui ont mené à la formation des géantes gazeuses, il y a de cela plusieurs milliards d’années.\r\n<br /><br />\r\nLes anneaux proviendraient de l’amas de roches et de glaces à l’origine des planètes. Lorsque le système solaire était en formation, la gravité a mené à la formation des planètes que nous connaissons. Certains amas de roches et de glaces étaient si loin du centre de gravité qu’elles n’ont pas pu s’agglutiner à la planète autour de laquelle ils gravitaient. Ils sont donc restés sous forme d’anneaux.\r\n<br /><br />\r\nUne autre théorie suggère qu’en raison de la forte masse de nos planètes gazeuses, les matériaux gravitant autour d’elles n’ont pas pu s’agglutiner et former des lunes. Ils sont demeurées à l’état d’amas de roches et de glace en gravitation constante autour de leur planète.\r\n<br /><br />\r\nEnfin, une troisième théorie prend le problème à l’envers. Elle suggère que les millions de morceaux de glaces et de roches en orbite autour de Saturne seraient le résultat d’une Lune qui aurait été annihilée par la gigantesque force gravitationnelle de la géante gazeuse. La force de marée provoquée par la proximité de Saturne aurait provoqué l’éclat en millions de morceaux d’une des lunes de Saturne. Ce qui composait alors cette Lune serait désormais en orbite autour de Saturne sous la forme de magnifiques anneaux. Cette théorie s’explique par la limite de Roche. Cette limite a été établie par l’astronome français Édouard Roche. Elle permet de calculer la distance à partir de laquelle un objet céleste se disloquerait sous l’effet de la force gravitationnelle du corps céleste autour duquel il gravite.  \r\n<br /><br />\r\n<center>***********************************</center>\r\n<br />\r\n<h4>Source : </h4>\r\n<br />\r\nhttps://espace-stellaire.com/blogs/blog-espace-astronomie/pourquoi-certaines-planetes-ont-des-anneaux'),
(24, 'https://www.cieletespace.fr/media/default/0001/22/JWST_700-6232.jpeg', 'Le télescope James Webb produit une première image avec son miroir de 6,5 m', '2022-03-17 23:04:30', 2, '<span class=\"text-muted\">Le 16 mars 2022, la Nasa a dévoilé la première image réalisée par le James Webb Space Telescope depuis l’alignement des segments de son grand miroir. Le JWST fonctionne désormais véritablement comme un télescope de 6,5 m de diamètre.</span>\r\n<br /><br />\r\nElle est loin d’être parfaite, elle est monochrome, mais elle devrait rester comme la première image produite par le James Webb Space Telescope (JWST). La première, en tout cas, réalisée avec le plein diamètre de son miroir de 6,5 m. On y voit l’étoile 2MASS J17554042+6551277, un astre de magnitude 11 situé dans la constellation du Dragon, et surtout d’innombrables galaxies à l’arrière-plan. Comme un avant-goût de ce dont sera capable le géant lorsque les réglages de ses instruments seront terminés.\r\n<br /><br />\r\n<b>Une étoile vue dans l’infrarouge</b>\r\n<br /><br />\r\nL’image a été réalisée avec l’instrument NIRCam (Near Infrared Camera, pour « caméra dans l’infrarouge proche »). « Elle est en fausses couleurs, car l’œil humain est incapable de discerner le rayonnement infrarouge, dans lequel l’étoile a été photographiée », explique Pierre-Olivier Lagage, astrophysicien du CEA et coconcepteur de MIRI, un autre instrument du Webb.\r\n<br /><br />\r\nElle marque surtout une étape cruciale, « la conclusion du processus d’alignement de tous les segments du miroir primaire du JWST », commente Aurélien Le Bail, doctorant au CEA et membre de la commission Cosmic Evolution Early Release Science Survey (CEERS), affiliée au JWST.\r\n<br /><br />\r\nEn février 2022, huit semaines après son lancement, le Webb nous avait déjà gratifié d’une image. Mais il s’agissait de l’addition d’images individuelles produites par les 18 segments hexagonaux qui composent son grand miroir. Ceux-ci n’étaient pas encore alignés (« phasés ») pour se comporter comme un unique grand réflecteur de 6,5 m de diamètre. Et donc, la finesse de l’image produite, en particulier, était loin d’être celle attendue pour le Webb.\r\n<br /><br />\r\n<b>Les premières observations prévues en juin</b>\r\n<br /><br />\r\nCette fois, comme en témoignent les détails déjà visibles dans les galaxies d’arrière-plan, les réglages du Webb touchent au but. « Il y aura d’autres optimisations concernant les instruments du JWST, pour le spectrographe NIRSpec et la caméra infrarouge Miri, mais le James Webb est dans les temps. Le planning est respecté ! » se félicite Pierre-Olivier Lagage.\r\n<br /><br />\r\nLes premières observations à portées scientifiques devraient débuter en juin 2022, et être présentées au cours des premières semaines du mois de juillet 2022.\r\n<br /><br />\r\n<center>******************************** </center>\r\n<br />\r\n<h4>Source :</h4>\r\n<br />\r\nhttp://localhost/blog/single.php?id=12'),
(25, 'https://trustmyscience.com/wp-content/uploads/2020/11/baryons-manquants-univers-retrouves-filaments-galactiques-couv.jpeg', 'La matière manquante de l’Univers retrouvée dans les filaments galactiques !', '2022-05-01 15:20:10', 2, '<span class=\"text-muted\">Si la matière noire, censée représenter environ 27% de la densité d’énergie de l’Univers, échappe toujours aux astrophysiciens, il en va de même pour environ 40% de la matière baryonique de l’Univers. Censée se cacher dans le réseau de filaments galactiques composant la toile cosmique, cette matière émet un signal si faible que sa détection a longtemps été impossible. Mais récemment, une équipe de chercheurs aurait enfin mis la main dessus grâce aux rayons X. Si des mesures antérieures avaient déjà circonscrit le périmètre de recherche, il s’agit de la première preuve observationnelle concrète de la présence de cette matière.</span>\r\n<br /><br />\r\nLa nucléosynthèse primordiale est un processus prenant place environ 180 secondes après le Big Bang et au cours duquel, grâce aux conditions extrêmes de température et de densité, les baryons s’assemblent pour former les premiers noyaux légers (deutérium, hélium 3, lithium 7, etc.). Des calculs effectués grâce aux paramètres de la nucléosynthèse primordiale contraints par l’observation, permettent de déduire le nombre baryonique et donc la fraction de matière baryonique. À partir de ces informations, les scientifiques peuvent donc déduire une estimation du nombre de baryons dans l’Univers local.\r\n<br /><br />\r\nOr, le nombre de baryons déduit des équations du modèle standard de la cosmologie ne correspond pas aux observations. En effet, comparé au recensement des baryons effectué au sein des étoiles, des nébuleuses, des galaxies et des amas de galaxies de l’Univers local, ce nombre théorique est deux fois plus élevé. En outre, grâce à l’étude du fond diffus cosmologique, les missions WMAP et Planck ont pu fournir une valeur relativement précise du paramètre de densité critique, indiquant un défaut d’environ 30 à 40% des baryons.\r\n<br /><br />\r\n<b>De la matière baryonique cachée dans les filaments galactiques</b>\r\n<br /><br />\r\nLes astrophysiciens considèrent donc qu’environ 40% de la matière ordinaire qui compose les étoiles, les planètes et les galaxies reste non détectée, cachée sous la forme d’un gaz chaud dans le réseau cosmique complexe. Mais des chercheurs de l’Institut d’Astrophysique Spatiale (Université Paris-Saclay) pourraient avoir détecté, pour la première fois, cette matière cachée grâce à une analyse statistique innovante de données vieilles de 20 ans. Leurs résultats ont été publiés dans la revue <i>Astronomy & Astrophysics</i>.\r\n<br /><br />\r\nLes galaxies sont réparties dans tout l’Univers sous la forme d’un réseau complexe de nœuds reliés par des filaments, qui sont à leur tour séparés par des vides. Ceci est connu sous le nom de toile cosmique. On pense que les filaments contiennent presque toute la matière ordinaire (dite baryonique) de l’Univers sous la forme d’un gaz chaud diffus. Cependant, le signal émis par ce gaz diffus est si faible qu’en réalité 40 à 50% des baryons ne sont pas détectés.\r\n<br /><br />\r\n<b>Les baryons manquants révélés grâce aux rayons X</b>\r\n<br /><br />\r\nCe sont les baryons manquants, cachés dans la structure filamentaire de la toile cosmique, que Nabila Aghanim, chercheuse à l’Institut d’Astrophysique Spatiale (Université Paris-Saclay) et Hideki Tanimura, avec leurs collègues, tentent de détecter. Dans une nouvelle étude, financée par le projet ERC ByoPiC, ils présentent une analyse statistique qui révèle, pour la première fois, l’émission de rayons X des baryons chauds dans les filaments.\r\n<br /><br />\r\n<center >\r\n<figure  class=\"chart toto\">\r\n<img src=\"images/img/graphique-filaments.jpeg\" alt=\"Graphique montrant l’énergie des rayons X détectés en fonction de la densité de filaments galactiques. Crédits : H. Tanimura et al. 2020\" title=\"Graphique montrant l’énergie des rayons X détectés en fonction de la densité de filaments galactiques. Crédits : H. Tanimura et al. 2020\">\r\n<figcaption>Graphique montrant l’énergie des rayons X détectés en fonction de la densité de filaments galactiques. Crédits : H. Tanimura et al. 2020</figcaption>\r\n</figure>\r\n</center>\r\n<br /><br />\r\nCette détection est basée sur le signal de rayons X présent dans les données d’observation ROSAT2, provenant d’environ 15.000 filaments cosmiques à grande échelle identifiés dans l’étude de la galaxie SDSS3. L’équipe a utilisé la corrélation spatiale entre la position des filaments et l’émission de rayons X associée pour fournir la preuve de la présence de gaz chaud dans la toile cosmique et pour la première fois, mesurer sa température.\r\n<br /><br />\r\nCes résultats confirment les analyses antérieures de la même équipe de recherche, basées sur la détection indirecte des gaz chauds dans la toile cosmique grâce à son effet sur le fond diffus cosmologique. Cela ouvre la voie à des études plus détaillées, utilisant des données de meilleure qualité, pour tester l’évolution du gaz dans la structure filamentaire du réseau cosmique.\r\n<br /><br /> \r\n<center>********************************</center>\r\n<br />\r\n<h4>Sources :</h4>\r\nhttps://trustmyscience.com/baryons-manquants-univers-retrouves-dans-filaments-galactiques/\r\n');
INSERT INTO `articles` (`id`, `image`, `titre`, `publication`, `auteur_id`, `contenu`) VALUES
(27, 'https://www.sciencesetavenir.fr/assets/img/2020/04/03/cover-r4x3w1000-626bbc842a3a3-551318main-hs-2011-15-a.jpg', 'Comment mesurer les distances dans l\'Univers ?', '2022-05-01 19:50:41', 2, '<span class=\"text-muted\">Comment évalue-t-on la distance entre les astres dans l’espace ? C\'est la question posée par Jean Louis Vayre à la rédaction de Sciences et Avenir sur notre page Facebook. Il s\'agit de notre Question de la semaine, et voici notre réponse. Merci à tous pour votre participation et votre fidélité.</span>\r\n<br /><br />\r\n<b>L\'année-lumière comme unité</b>\r\n<br /><br />\r\nL\'étoile la plus proche du Soleil est Proxima du Centaure, située à 4,22 années-lumière (al) soit 39.900 milliards de kilomètres ! Plus loin de nous, le trou noir central de la Voie Lactée, Sagittarius A*, se tapit lui à 26.673 al et la galaxie la plus lointaine jamais détectée, HD1, se situe extraordinairement loin à 13,5 milliards d\'années-lumière...Un record qui restera à jamais une abstraction pour nos cerveaux qui ne peuvent concevoir de telles distances. Mais comment fait-on pour les mesurer ?\r\n<br /><br />\r\nTout dépend de la proximité présumée des astres dont on veut calculer l\'éloignement. Pour ceux qui se trouvent dans notre \"banlieue\" et jusqu\'à une centaines d\'al, les astronomes utilisent la méthode de la parallaxe annuelle. Elle consiste à mesurer deux fois, à six mois d’intervalle, la trajectoire apparente d\'une étoile, par exemple, par rapport au fond d’étoiles lointaines. Ce déplacement, lié en réalité au mouvement de notre planète sur son orbite, décrit une ellipse dont la taille dépend de la distance de l’étoile. Grâce à la mesure du déplacement angulaire, on peut géométriquement calculer la distance de l’étoile.\r\n<br /><br />\r\nPour des étoiles ou des galaxies plus lointaines, il faut utiliser d\'autres méthodes, le mouvement apparent de l\'objet à étudier étant bien trop faible. Il faut alors recourir à des \"chandelles standard\", des sortes de phares parsemés dans l\'Univers et qui ont toujours la même luminosité absolue. La distance qui nous sépare de ces chandelles est alors calculée à partir de leur luminosité apparente. Les premières, utilisées dès le début du 20e siècle, sont les Céphéides, de grosses étoiles, âgées de moins de 200 millions d\'années, très brillantes et dont la luminosité varie de façon régulière, entre 1 et 135 jours. Les variations de leur luminosité sont dues à des mouvements de leur couche externe qui se rétracte et se dilate sous l\'effet des forces de pression et de gravité qui agissent en leur sein. Ces étoiles sont par exemple mises à contribution pour calculer les distances des étoiles abritées dans les galaxies proches de la Voie Lactée.\r\n<br /><br />\r\n<b>Mesurer les distances très lointaines</b>\r\n<br /><br />\r\nPour aller plus loin dans la cartographie de l’univers, les astronomes ont cherché d’autres chandelles standard. Les supernovae du type Ia remplissent ce rôle : elles se produisent lors de l\'explosion d\'étoiles appelées naines blanches et situées dans des systèmes binaires. La luminosité de ces supernovae est très forte. Toutes les naines blanches ayant une masse similaire avant d’exploser en supernova, la différence entre la luminosité absolue et la luminosité apparente permet d’établir des distances et donc de s’en servir comme repères. C’est pour calculer le ralentissement de l’expansion de l’univers que les lauréats du prix Nobel de physique 2011 avaient lancé de vastes observations de supernovae de type Ia. Leurs travaux ont abouti à la conclusion contraire : l\'univers est en expansion accélérée ! Et cette accélération serait le fait d\'une mystérieuse énergie noire dont la nature n\'a toujours pas été dévoilée malgré d\'intenses recherches.\r\n<br /><br />\r\nEnfin, pour calculer la distance des galaxies les plus lointaines situées à des milliards d\'années-lumière, les astrophysiciens se reposent sur l\'effet Doppler-Fizeau qui génère un phénomène dit de \"décalage vers le rouge\". Pour faire simple, quand un objet lointain s\'éloigne de nous du fait de l\'expansion de l\'univers, sa lumière se décale vers les grandes longueurs d’ondes, correspondant au rouge et à l\'infrarouge pour les plus lointains. C’est exactement le même phénomène qui modifie les sons des sirènes des pompiers vers le grave ou l’aigu selon que leur véhicule s’éloigne ou se rapproche de nos oreilles. Mais les astronomes cherchent toujours à affiner leur mesure, l\'accélération de l\'expansion de l\'univers pouvant perturber les calculs. Une des pistes envisagées est l\'utilisation des ondes gravitationnelles qui seraient alors utilisées telles des \" sirènes standard \".\r\n<br /><br /> \r\n<center>********************************</center>\r\n<br />\r\n<h4>Sources :</h4>\r\nhttps://www.sciencesetavenir.fr/espace/univers/question-de-la-semaine-comment-mesurer-les-distances-dans-l-univers_163220'),
(29, 'https://www.sciencesetavenir.fr/assets/img/2022/05/02/cover-r4x3w1000-626fec254ee7d-042122-ec-black-hole-kick-feat.jpg', 'Première observation d’un &quot; kick &quot; de trous noirs, propulsés à très grande vitesse en fusionnant', '2022-05-02 20:47:26', 1, '<span class=\"text-muted\">Lorsqu\'une paire de trous noirs fusionne, son résultat - un plus grand trou noir - se retrouve propulsé à une vitesse extraordinaire dans une direction. Jusqu\'ici théorisée, cette caractéristique propre aux lois de la gravitation a été pour la première fois observée par le biais d\'ondes gravitationnelles.</span>\r\n<br /><br />\r\nFusion… propulsion ! Des chercheurs ont confirmé grâce à une observation indirecte un comportement propre aux trous noirs jusqu’ici théorisé dans le vaste cadre de la relativité générale : lorsque deux de ces objets fusionnent, ils reçoivent une impulsion suffisamment forte pour projeter dans l’espace, à une vitesse extraordinaire, le trou noir unique nouvellement formé.\r\n<br /><br />\r\nUn groupe de chercheurs mené par Vijay Varma, de l\'Institut Max Planck de physique gravitationnelle, en Allemagne, et ses collègues, ont découvert un trou noir de 60 masses solaires en mouvement rapide en examinant de plus près les données de l\'observatoire d\'ondes gravitationnelles LIGO (<i>Laser Interferometer Gravitational-Wave Observatory</i>) aux États-Unis, et de son pendant en Italie, Virgo. Grâce au signal correspondant à ces ondulations de l\'espace-temps, arrivées jusqu’à la Terre le 29 janvier 2020, le groupe a pu retracer le déroulé des événements : en s’unissant, deux trous noirs ont reçu un \" coup de pied\"  qui a projeté le nouveau trou noir à grande vitesse.\r\n<br /><br />\r\n<b>Mach 4000</b>\r\n<br /><br />\r\nCe dernier s\'est envolé à environ 5 millions de kilomètres/heure, à quelques millions près, peut-on lire dans l’article relatant la découverte, publié dans les <i>Physical Review Letters</i>.« <cite>1.500 km/s, c\'est environ 0,5 % de la vitesse de la lumière, ce qui est plutôt rapide pour un trou noir de 60 masses solaires</cite> », commente <b>Vijay Varma,</b> contacté par <u><i>Sciences et Avenir</i></u>. « <cite>On peut voir les choses autrement : il se déplace à environ 5 millions de km/h, ce qui est supérieur à Mach 4000 ! Une balle, elle, se déplace à environ 3 000 km/h. Le trou noir est donc mille fois plus rapide. </cite> »\r\n<br /><br />\r\nLorsque deux trous noirs jumelés tournoient vers l\'intérieur et fusionnent, ils émettent ces ondulations qui étirent et compriment l\'espace. Si ces ondes gravitationnelles sont projetées dans le cosmos dans une direction en particulier, et le trou noir finit par réagir en reculant, un peu à la manière d’un pistolet qui part en arrière après avoir tiré une balle. Pour estimer la vitesse de recul dudit trou noir, les chercheurs ont comparé les données recueillies à diverses prédictions sur les fusions de trous noirs. En somme, à des simulations informatiques qui résolvent les équations de la théorie de la gravitation formulée par Einstein. Ils ont ainsi constaté que le recul avait été si important que le trou noir avait probablement été éjecté de son foyer. « <cite>Si nous supposons que ce trou noir a fusionné dans un amas globulaire, il a avec quasi-certitude été retiré de son environnement initial</cite> », assure <b>Vijay Varma</b>. \r\n<br /><br />\r\n<b>Propulsés... puis isolés ?</b>\r\n<br /><br />\r\nLes scientifiques estiment que les amas globulaires —  des groupes denses d\'étoiles et de trous noirs - sont des endroits privilégiés pour les fusions de trous noirs de masse stellaire, ceux-là mêmes qui furent à l’origine du trou noir fusionné observé par l’équipe. Ils ont aussi calculé que la probabilité pour qu\'un trou noir éjecté reste dans un amas globulaire n’est que de 0,5% environ, quand un trou noir baignant dans un autre type d\'environnement dense, comme les amas d\'étoiles nucléaires, n\'a que 8 % de chances environ de rester dans les parages. «  <cite>Cependant, il faut tenir compte du fait que d\'autres environnements, comme les disques autour des noyaux actifs de galaxie, ont également été proposés comme sites de fusions répétées, et que ces environnements peuvent avoir des vitesses d\'échappement plus élevées</cite> », précise l\'astrophysicien.\r\n<br /><br />\r\nLe fait que les trous noirs soient propulsés à de telles distances lors de leur fusion est une information clé pour comprendre comment se sont formés d\'autres trous noirs bien plus intrigants. Et pour cause : si l\'on s\'en tient aux simulations de supernovae, les trous noirs stellaires dont la masse est supérieure à 65 masses solaires ne devraient exister. Pourtant, LIGO-Virgo en a déjà observé de tels. « <cite>L\'une des explications proposées est que ces trous noirs lourds puissent s\'être formés à partir de trous noirs de masse stellaire déjà fusionnés. Mais si de tels \'kicks\' sont courants, le trou noir final serait simplement éjecté dès la première fusion et ne pourrait pas participer à une deuxième fusion\", fait remarquer Vijay Varma. \"Seule l\'estimation de la fréquence de ces coups de pieds à partir d\'un plus grand nombre de signaux d\'ondes gravitationnelles pourrait nous aider à résoudre ce mystère.</cite > »\r\n<br /><br />\r\n<b>Tester encore et toujours la relativité générale</b>\r\n<br /><br />\r\nCes  \" coups de pied \" constituent une prédiction de la relativité générale parmi les plus claires obtenues à ce jour. À l\'inverse, si les observations ne correspondaient pas à la théorie, le modèle standard pourrait être remis en question. De telles observations devraient également être affinées avec la mise en service prochaine de LISA (<i>Laser Interferometer Space Antenna</i>), détecteur d\'ondes gravitationnelles de basse fréquence depuis l\'espace, qui observera notamment les fusions de trous noirs supermassifs. Ainsi, les données récoltées par LISA pourraient nous aider à comprendre comment de gigantesques trous noirs ont pu être semés dans l\'Univers primitif et, surtout, comment ils ont pu atteindre leur taille actuelle.\r\n<br /><br />\r\nNotons que les données de LIGO et de Virgo avaient déjà révélé des indices de petits coups de pied reçus par des trous noirs. Cette étude est néanmoins la première avoir fait parler des ondes gravitationnelles pour observer ce grand coup de pied, qui n\'avait été que prédit.\r\n<br /><br /> \r\n<center>********************************</center>\r\n<br />\r\n<h4>Sources :</h4>\r\nhttps://www.sciencesetavenir.fr/espace/astrophysique/premiere-observation-d-un-kick-de-deux-trous-noirs-propulses-a-tres-grande-vitesse-en-fusionnant_163250'),
(30, 'https://www.sciencesetavenir.fr/assets/img/2022/05/12/cover-r4x3w1000-627d078a3a2cd-trou-noir.jpg', 'Historique : les astronomes révèlent la toute première image du trou noir caché au centre de notre galaxie', '2022-05-12 20:07:12', 2, '<span class=\"text-muted\">Et de deux ! La collaboration mondiale Event Horizon Telescope (EHT) a dévoilé jeudi 12 mai 2022 la toute première image du trou noir Sagittarius A*, celui-là même qui est tapi au cœur de la Voie lactée. Il s\'agit de la seconde image réelle d\'un trou noir, après la révélation au monde entier de M87* en avril 2019.</span>\r\n<br /><br />\r\nTrois ans après l’obtention de la toute première véritable image d’un trou noir – celle du trou noir supermassif M87* situé au cœur de la galaxie Messier 87 -, nous voilà désormais en mesure d’admirer le \"portrait\" du trou noir géant situé au centre de notre propre galaxie, la Voie lactée. Il s’agit de la toute première image de Sagittarius A* (Sgr A*), de son nom, situé à quelque 27.000 années-lumière de nous et dont la masse équivaut à 4,3 millions de fois celle du Soleil. Le cliché a été révélé jeudi 12 mai 2022 aux alentours de 15 heures lors d\'une visioconférence de presse organisée par l\'Observatoire européen austral (ESO) et l\'Event Horizon Telescope (EHT). Ces résultats font l\'objet de six articles dans The Astrophysical Journal Letters.\r\n<br /><br />\r\n<b>Première preuve directe de sa présence</b>\r\n<br /><br />\r\nComme M87*, cet extraordinaire cliché a été capturé dans le cadre de la collaboration internationale Event Horizon Telescope (EHT), qui réunit une équipe de 300 astronomes issus de 80 instituts repartis dans le monde. Ensemble, ils se sont appuyés sur les observations d\'un réseau de huit radiotélescopes, parmi lesquels l’Atacama Large Millimeter/submillimeter Array (ALMA), le télescope de 30 mètres de l’Institut de radioastronomie millimétrique (IRAM), antenne unique la plus sensible du réseau, ou encore le NOrthern Extended Millimeter Array (NOEMA), le plus puissant radiotélescope millimétrique de l’hémisphère nord, situé dans les Hautes-Alpes françaises. Reliés les uns aux autres, les huit observatoires ont ainsi pu former un immense télescope virtuel \"de la taille de la Terre\".\r\n<br /><br />\r\nCe résultat n’est pas uniquement une formidable prouesse technique : il constitue la preuve indiscutable que l\'objet au centre de la Voie lactée est bien un trou noir supermassif, dont la présence est solidement suggérée depuis la fin des années 1990. À cette époque, les observations laissent entendre que des étoiles situées à proximité du centre géométrique de notre galaxie gravitent autour d’un objet ultra-massif et compact en à peine quelques décennies. En 2005, après observation par interférométrie, une équipe chinoise démontre cette fois que l’intense source d’ondes radio de Sgr A* est concentrée dans une minuscule sphère d\'une unité astronomique de rayon à peine, soit la distance entre la Terre et le Soleil. Il est alors de plus en plus évident que Sgr A* n’est autre qu’un trou noir gigantesque. Mais à ce stade, il ne s\'agit encore que de preuves indirectes. Grâce aux données récoltées par l’EHT depuis 2017 et à cinq ans d\'effort collectif, les chercheurs ont désormais la confirmation visuelle, et ultime, qu\'un tel monstre règne bien au cœur de la Voie lactée.\r\n<br /><br />\r\n<b>Une mine d\'informations sur les trous noirs</b>\r\n<br /><br />\r\nL\'image devrait également fournir de précieux indices sur le fonctionnement de ces mastodontes dont on pense qu’ils se trouvent au centre de la plupart des galaxies. Elle permet d’ailleurs déjà de faire un constat de taille : même si Sgr A* est 1.500 fois plus petit et moins massif que M87*, les deux trous noirs sont remarquablement similaires. « <cite>On trouve un anneau très semblable à M87*, environ 20 % plus grand. Rien d\'étonnant à cela vu les distances : Sgr A* est moins massif, mais plus près de nous</cite> », explique à <i>Sciences et Avenir</i>   <b>Vincent Piétu</b>, astronome à l’IRAM (CNRS/Max Planck) et membre de la collaboration EHT. « <cite>La taille de l\'anneau correspond parfaitement aux prédictions et apporte ainsi une nouvelle confirmation de la validité de la théorie de la relativité générale. Cette confirmation est d\'autant plus robuste que l\'on se trouve dans un endroit de l’Univers où l\'on est complètement dominé par des effets de la relativité.</cite> »\r\n<br /><br />\r\n« <cite><b>La taille de l\'anneau correspond parfaitement aux prédictions et apporte ainsi une nouvelle confirmation de la validité de la théorie de la relativité générale</b></cite> »\r\n<br /><br />\r\nL\'image, de laquelle peuvent être déduits de nombreux paramètres physiques, devrait également permettre aux chercheurs d\'en apprendre plus sur les phénomènes survenant autour d\'un trou noir. La façon dont son jet, notamment, est corrélé à l\'objet en lui-même les intéresse tout particulièrement. Le jet est la conséquence de l\'accrétion de matière sur ces objets, qui conduit à l’expulsion d’une partie du gaz jusqu’à des distances 1.000 fois plus grandes. Cette expulsion se fait sous la forme d\'un flux de particules chargées - du plasma - émergeant à partir d’un disque en rotation en raison de champs magnétiques forts. « <cite>Nous pensons qu\'il existe un rapport proportionnel entre la masse d’un trou noir géant et la masse de sa galaxie hôte</cite> », détaille <b>Vincent Piétu</b>. « <cite>Il se pourrait donc que les trous noirs centraux, notamment par le biais de la matière qu\'ils éjectent, co-régulent l’évolution des galaxies et, par extension, l’évolution de l’Univers tout entier.</cite> »\r\n<br /><br />\r\nUne comparaison des paramètres déduits de l\'image de Sgr A* avec une bibliothèque de modèles laisseraient enfin penser aux scientifiques que le trou noir est ici vu non par la tranche, mais par le pôle. \"Sa variabilité est par exemple un peu plus faible que celle à laquelle on s\'attendait, ce qui pourrait s\'expliquer par le fait qu\'on le regarde par le pôle\", confie l\'astronome français. Il pourrait enfin générer un champ magnétique important.\r\n<br /><br />\r\n<b>Exploit technique</b>\r\n<br /><br />\r\nObtenir l\'image de Sagittarius A* a relevé du tour de force pour les astronomes, bien plus que pour M87*. Et pour cause : même si le gaz dans leurs environs respectifs se déplace à la même vitesse - une vitesse proche de celle de la lumière -, la plus petite taille de SgrA* le rend plus instable à l\'image. \"Alors [que le gaz] met des jours, voire des semaines, à orbiter autour du grand M87*, il ne met que quelques minutes à le faire autour de Sgr A*\", a expliqué Chi-kwan Chan, de l\'observatoire Steward et du département d\'astronomie et de l\'institut des sciences des données de l\'Université d\'Arizona, aux États-Unis, dans un communiqué. \"Cela signifie que la luminosité et la configuration du gaz autour de Sgr A* changeaient rapidement pendant que la collaboration EHT l’observait - un peu comme si l\'on essayait de prendre une photo claire d\'un chiot qui court après sa queue\", a comparé le chercheur. L\'image du trou noir de Sgr A* est ainsi une moyenne des différents clichés extraits par l\'équipe.\r\n<br /><br />\r\n<center>\r\n<figure style=\"border:1px solid red;width:603px;\">\r\n<img src=\"images/img/Blackhole.jpg\" style=\"border:1px solid red;\"  alt=\"Power of the dark\" title=\"\"Power of the dark>\r\n<figcaption style=\"text-align:justify;padding-right:15px;padding-left:15px;padding-bottom:5px;\">\r\n<b><span class=\"text-muted\">\r\nPower of the dark —  Credit: Nik Spencer/Nature; Avery Broderick/University of Waterloo \r\n</span></b>\r\n</figcaption>\r\n</figure>\r\n</center>\r\n<br />\r\nM87* était une cible plus facile et plus stable, dont les images se ressemblaient presque toutes. \"Ce n\'était pas le cas pour Sgr A*, et c\'est la raison pour laquelle nous avons mis plus de temps à sortir son image fixe, alors que les clichés des deux objets ont été extraits du même ensemble de données\", précise Vincent Piétu. D\'ici \"cinq à dix ans\", les astronomes de l\'EHT espèrent pouvoir obtenir non plus seulement des images fixes, mais de petits films du trou noir, \"façon timelapses\".\r\n<br /><br /> <br /> \r\n<center>********************************</center>\r\n<br />\r\n<h4>Sources :</h4>\r\nhttps://www.sciencesetavenir.fr/espace/voie-lactee/historique-les-astronomes-revelent-la-toute-premiere-image-du-trou-noir-supermassif-niche-au-centre-de-notre-galaxie_163418\r\n<br /><br />\r\n<center>\r\n<hr style=\"border: 3px solid navy;width:500px\" />\r\n</center>\r\n<br /><br />\r\n<h3>L\'EHT, un télescope pour observer comment un trou noir avale la matière</h3>\r\n<br />\r\n<span class=\"text-muted\"><u>L\'Event Horizon Telescope</u> est une collaboration internationale de 80 instituts d\'astronomie. Elle est à l\'origine de la première image d\'un trou noir, révélée en 2019, comme de celle de Sagittarius A*, au centre de la Voie lactée.</span>\r\n<br /><br />\r\nLa Collaboration EHT est un instrument unique au monde, un télescope virtuel à l\'échelle de la planète. Après avoir révélé en 2019 la première \" image \" d\'un trou noir, M87*, dans une galaxie lointaine, il a offert jeudi 12 mai 2022 la première du trou noir Sagittarius A*, tapi au cœur de notre galaxie. Lancée en 2015, cette collaboration internationale de 80 instituts d\'astronomie s\'est fixé un défi. Observer un trou noir est par définition impossible parce qu\'aucune lumière ne peut s\'en échapper. <u>L\'EHT (Event Horizon Telescope)</u> a contourné l\'obstacle en arrivant à détecter le nuage de gaz et de poussière très chaud qui tourne autour du trou noir avant d\'y être aspiré, à l\'endroit que les astronomes appellent l\'horizon des événements, la frontière immatérielle entre l\'intérieur et l\'extérieur du trou noir. « <cite>On voit donc la silhouette du trou noir sur un fond brillant de gaz et de poussière</cite> », explique à l\'AFP <b>Frédéric Geth</b>, chercheur au CNRS et directeur de l\'IRAM. Cet Institut de radioastronomie millimétrique, fondé par le CNRS et l\'Institut allemand Max Planck, est un acteur clé de l\'EHT.\r\n<br /><br />\r\n<center>\r\n<figure style=\"border:1px solid red;width:503px;\">\r\n<img src=\"images/img/Telescope.jpg\" width=\"500\" height=\"375\" style=\"border:1px solid red;\"  alt=\"Le réseau Event Horizon Telescope- © AFP\" title=\"Le réseau Event Horizon Telescope- © AFP\"/>\r\n<figcaption style=\"text-align:justify;padding-right:15px;padding-left:15px;padding-bottom:5px;\">\r\n<b><span class=\"text-muted\">\r\nLe réseau Event Horizon Telescope- © AFP\r\n</b></span>\r\n</figcaption>\r\n</figure>\r\n</center>\r\n<br />\r\n<b>L\'interférométrie pour cibler le trou noir</b>\r\n<br /><br />\r\nL\'EHT a signé une première avec l\'image de M87* en 2019, et celle aujourd\'hui de <u>Sagittarius A* (Sgr A*)</u>. Mais avant d\'en arriver là, les astronomes ont dû franchir plusieurs obstacles. Le nuage de matière ceinturant ces trous noirs n\'est visible que dans une gamme bien précise d\'ondes radio, dite millimétrique. Et uniquement avec un radiotélescope, une coupole ressemblant à celle qu\'on utilise pour la télévision par satellite, mais beaucoup plus grande. Car l\'acuité de l\'instrument dépend étroitement de la taille de la coupole utilisée, à cause de la faiblesse du signal radio et de la distance à la source.\r\n<br /><br />\r\nOr M87* est à 55 millions d\'années lumière de la Terre. Sgr A*, au cœur de notre galaxie, a beau être 2.000 fois plus proche, il est aussi beaucoup plus petit. Aucun radiotélescope existant n\'aurait donc eu une résolution suffisante pour distinguer leurs silhouettes. Les scientifiques ont eu recours au principe de l\'interférométrie, dans laquelle un réseau de coupoles à distance les unes des autres observe un même objet. De savants calculs exécutés avec des ordinateurs surpuissants vont combiner les données de ces télescopes comme s\'ils formaient une seule coupole géante, pour fournir une image aussi proche que possible de la réalité.\r\n<br /><br />\r\n<b>Comme une antenne immense d\'un diamètre de 10.000 km</b>\r\n<br /><br />\r\nDes radiotélescopes, comme <u>ALMA</u> au Chili ou <u>NOEMA</u> en France, utilisent cette technique, mais n\'auraient pu à eux seuls atteindre une sensibilité suffisante pour produire des images de M87* et Sgr A*. L\'expérience EHT a poussé l\'exercice encore plus loin avec l\'interférométrie à très longue base (VLBI), en constituant un réseau de huit observatoires radioastronomiques s\'étendant de Hawaii dans le Pacifique à l\'Espagne, —  où se trouve une antenne de l\'IRAM — , en passant par les États-Unis, et du Groenland au pôle Sud en passant par le Mexique et le Chili, où se trouve ALMA. Une gageure, car il faut qu\'il fasse beau au même moment sur tous les endroits du réseau. Une synchronisation qui s\'étend à la microseconde, chaque site étant doté d\'une horloge atomique. « <b>Quand on fait ça à l\'échelle du monde, on se retrouve avec une antenne immense qui a un diamètre de presque 10.000 km</b> \"», précise <b>Frédéric Geth</b>, en ajoutant que NOEMA apporte désormais sa pierre à l\'édifice, puisqu\'il contribue à l\'EHT depuis 2021. Avec à la clé un gain de résolution qui devrait permettre d\'obtenir rapidement « <cite>des images de meilleure qualité</cite> » et, qui sait, un jour un petit film constitué de plusieurs images.\r\n<br /><br /> <br /> \r\n<center>********************************</center>\r\n<br />\r\n<h4>Sources :</h4>\r\nhttps://www.sciencesetavenir.fr/espace/exploration/l-eht-un-telescope-pour-observer-comment-un-trou-noir-avale-la-matiere_163443\r\n<br /><br />\r\n<center>\r\n<hr style=\"border: 3px solid navy;width:500px\" />\r\n</center>\r\n<br /><br />\r\n<h3>« Ensemble, les images de M87* et SgrA* démontrent définitivement l\'existence des trous noirs »</h3>\r\n<br />\r\n<span class=\"text-muted\"><b>Eric Gourgoulhon</b>, spécialiste des trous noirs au laboratoire Univers et théories de Meudon (CNRS, Observatoire de Paris), étudie depuis des années les trous noirs SgrA* et M87*. Habitué aux simulations sur ordinateur, il nous confie son émotion de les voir \"en vrai\", et décrypte une image pas si simple à comprendre... </span>\r\n<br /><br />\r\n<center>\r\n<figure style=\"border:1px solid red;width:603px;\">\r\n<img src=\"images/img/blackholes2.jpg\"  style=\"border:1px solid red;\"  alt=\"Comparaison de la taille des deux trous noirs supermassifs, l\'un au centre de la galaxie M87, l\'autre au cœur de la Voie lactée\" title=\"Comparaison de la taille des deux trous noirs supermassifs, l\'un au centre de la galaxie M87, l\'autre au cœur de la Voie lactée\"/>\r\n<figcaption style=\"text-align:justify;padding-right:15px;padding-left:15px;padding-bottom:5px;\">\r\n<b><span class=\"text-muted\">\r\nComparaison de la taille des deux trous noirs supermassifs, l\'un au centre de la galaxie M87, l\'autre au cœur de la Voie lactée – © EHT COLLABORATION (ACKNOWLEDGMENT : LIA MEDEIROS, XKCD)\r\n</b></span>\r\n</figcaption>\r\n</figure>\r\n</center>\r\n<br />\r\n<b><u>Sciences et Avenir</u> : Vous vous consacrez depuis plusieurs années à l’étude théorique des trous noirs. Qu’avez-vous ressenti lors de la révélation de l’image de SgrA* ?</b>\r\n<br /><br />\r\n<b>Eric Gourgoulhon :</b> C’était un moment fabuleux. Lorsque j’ai commencé à m’intéresser aux trous noirs, j’étais loin d’imaginer que je pourrais un jour en voir un en  \" vrai \", et pas seulement une simulation. Alors deux trous noirs ! Car c’est selon moi l’aspect le plus important de ce résultat : nous avons désormais l’image de deux trous noirs, et donc la preuve certaine de leur existence.\r\n<br /><br />\r\n<b>Pourtant, on peut être un peu déçu que l’image de SgrA* ressemble beaucoup à M87* révélée en avril 2019</b>.\r\n<br /><br />\r\nPour les astrophysiciens, cette ressemblance est au contraire très réconfortante. Cela correspond bien aux simulations des trous noirs dont l’aspect ne change pas fondamentalement en fonction de leur masse. Et c’est un soulagement. Car tant que nous n’avions que M87*, on pouvait se dire que cela pouvait être une coïncidence. La résolution n’est pas très bonne : nous aurions pu l’interpréter comme un trou noir car nous avions envie de voir un trou noir. Mais avec une deuxième image de ce type, il n’y a plus de doute.\r\n<br /><br />\r\n<b>En fait de trou noir, on distingue surtout une sorte d’anneau de feu entourant une masse sombre. Que voit-on réellement ?</b>\r\n<br /><br />\r\nL’image est en effet plus délicate à interpréter qu’on ne l’imagine. Le trou noir est au centre et il est bien entendu invisible puisque aucune lumière ne peut en sortir. Autour, \" l’anneau de feu \" comme vous dites, est ce que nous appelons \"la sphère des photons\" qui n’est pas le disque d’accrétion proprement dit. Les photons sont bien émis par le gaz accéléré par l’attraction gravitationnelle du trou noir. Mais ils ne voyagent pas en ligne droite vers notre œil pour former l’image du disque. Ils sont temporairement piégés par le trou noir et leur trajectoire est très complexe. Des photons sont émis depuis une partie du disque, ils passent derrière le trou noir, en font plusieurs fois le tour, puis ils s’approchent de la sphère des photons. Ils s’y concentrent et c’est de là qu’ils partent pour arriver jusqu’à nous…\r\n<br /><br />\r\n<b>On ne voit donc pas directement le disque d’accrétion ?</b>\r\n<br /><br />\r\nNon, nous voyons essentiellement la sphère des photons. C’est le manque de résolution qui le rend si épais. Si nous disposions d’une meilleure définition, ce disque apparaitrait comme beaucoup plus fin, presque un trait.\r\n<br /><br />\r\n<b>Et à quoi correspondent les trois taches lumineuses que l’on voit sur l’anneau ?</b>\r\n<br /><br />\r\nComme l’expliquent les auteurs dans un des articles publiés avec l’image, il s’agit probablement d’artefacts dus au manque de résolution du réseau de télescopes. Cette image est une reconstruction à partir des données d’interférométrie de seulement huit radiotélescopes à la surface du globe. En théorie, pour reconstruire finement l’image, il faudrait que la Terre soit tapissée de télescopes. Donc ces taches ne correspondent à rien, sauf peut-être la plus brillante. On en retrouve une du même genre sur M87*. Cela pourrait être un effet relativiste, une amplification lumineuse de la partie du disque qui vient vers nous…\r\n<br /><br />\r\n<b>Quels types d’informations peut-on extraire de cette image ?</b>\r\n<br /><br />\r\nLa plus importante est la masse du trou noir. Son \" ombre \", la tache sombre au centre de l’image, a en effet un diamètre directement proportionnel à sa masse. Elle correspond à un peu plus de 4 millions de masses solaires. C’est conforme à l’estimation qui avait été faite en mesurant la vitesse des étoiles proches du trou noir, et qui subissent son attraction. Si nous disposions d’une meilleure résolution, nous pourrions aussi tenter de déterminer le moment cinétique qui traduit la rotation du trou noir sur lui-même. Cette vitesse de rotation a une influence sur la forme de l’anneau. Si elle est nulle, l’anneau est parfaitement circulaire. Si, au contraire, il tourne rapidement, l’anneau aurait la forme de la lettre \" D \", avec un côté \" écrasé \". Là encore, un article publié avec l’image tente une estimation à partir de simulations. Ils concluent à une vitesse assez rapide, mais je pense qu’il faut prendre ce résultat avec précaution. La résolution est vraiment trop mauvaise.\r\n<br /><br />\r\n<b>Après M87* et SgrA*, quelles pourraient être les prochaines cibles de la collaboration EHT ?</b>\r\n<br /><br />\r\nCes deux trous noirs constituent des candidats idéaux pour l’observation car ils sont les plus gros sur le plan du ciel. La suite va donc surtout consister à affiner la résolution des images. D’autant plus qu\'une nouvelle campagne d\'observations a eu lieu en mars 2022 avec un EHT passé de 8 radiotélescopes à 11 ! Mais il est vrai que ce serait formidable d’ajouter un troisième trou noir à la collection. Je ne vois guère comme candidat que celui qui se trouve au centre de la galaxie d’Andromède [à 2,55 millions d’années-lumière de la Terre]. Son diamètre apparent devrait être deux fois plus petit que M87* et SgrA* mais il est à portée de l’EHT…\r\n<br /><br /> <br /> \r\n<center>********************************</center>\r\n<br />\r\n<h4>Sources :</h4>\r\nhttps://www.sciencesetavenir.fr/espace/univers/ensemble-les-images-de-m87-et-sgra-demontre-definitivement-l-existence-des-trous-noirs_163463'),
(32, 'https://www.sciencesetavenir.fr/assets/img/2022/05/11/cover-r4x3w1000-627b865d50888-049-f0307716.jpg', 'INTERVIEW. « La matière noire pourrait être la manifestation de trous blancs »', '2022-05-16 12:55:55', 1, '<span class=\"text-muted\">Depuis leur découverte en 2019, ces gigantesques structures visibles uniquement dans le domaine radio prennent quelque peu les astronomes au dépourvu. Dans une récente étude, plusieurs pistes sont avancées pour expliquer leur nature et leur processus de formation.</span>\r\n<br /><br />\r\nQu’il s’agisse de trous noirs, d’exoplanètes tapies dans l’ombre de leur étoile-hôte ou des étonnantes horloges cosmiques que sont les pulsars, les objets de l’Univers sont des sources d’inspiration inépuisables pour les auteurs de science-fiction. Certains d’entre eux, toutefois, réussissent l’exploit d’être à la fois dotés d’une beauté poétique et de rester nimbés de mystère, les scientifiques ne comprenant pas encore leur véritable nature. Il va ainsi pour ceux que l’on appelle les « <cite>étranges cercles radios</cite> » - « <cite>odd radio circles</cite> », ou <u>ORC</u>, en anglais.\r\n<br /><br />\r\n<b>10 fois plus larges que la Voie lactée</b>\r\n<br /><br />\r\nObservés pour la première fois en 2019 à l’aide du radiotélescope <u><i>Australian Square Kilometre Array Pathfinder</i> (ASKAP)</u>, les <u>ORC</u> sont aussi rares qu’énigmatiques. Seuls cinq d’entre eux ont été identifiés jusqu’à présent dans l’Univers. Malgré ce faible échantillon, les chercheurs ont pu établir leur profil général : ce sont des objets qui ne semblent émettre de la lumière qu\'à des longueurs d\'onde radio, qui se trouvent bien au-delà de notre galaxie, à plusieurs milliards d’années-lumière, et qui s’avèrent définitivement grands, pour ne pas dire colossaux. Avec un diamètre d\'environ 1 million d\'années-lumière, ils sont environ 10 fois plus larges que notre galaxie. Jusqu’à présent, c’est peu ou prou tout ce que nous savions de ces objets déstabilisants.\r\n<br /><br />\r\n<center>\r\n<figure style=\"border:1px solid red;width:485px;\">\r\n<img src=\"images/img/documents/orcaskapandmeerkat.jpg\" style=\"border:1px solid red;\"  alt=\"La toute première vue d\'ORC1 (à gauche) obtenue à partir des données d\'ASKAP, et une observation de suivi du même objet avec le radiotélescope MeerKAT\" title=\"La toute première vue d\'ORC1 (à gauche) obtenue à partir des données d\'ASKAP, et une observation de suivi du même objet avec le radiotélescope MeerKAT\">\r\n<figcaption style=\"text-align:justify;padding-right:15px;padding-left:15px;padding-bottom:5px;\">\r\n<b><span class=\"text-muted\">\r\nLa toute première vue d\'ORC1 (à gauche) obtenue à partir des données d\'ASKAP, et une observation de suivi du même objet avec le radiotélescope MeerKAT. – Crédits : EMU/ASKAP/MeerKAT\r\n</span></b>\r\n</figcaption>\r\n</figure>\r\n</center>\r\n<br />\r\nAu moment de leur détection, les <u>ORC</u> semblèrent d’ailleurs si étranges aux radioastronomes qu’ils préférèrent attendre plusieurs mois avant de publier leurs résultats. L’équipe de l’Australien <b>Ray Norris</b> voulait notamment s’assurer qu’il ne s’agissait pas d’un signal émanant des instruments eux-mêmes, une sorte de « <cite>mirage astronomique</cite> », comme on pourrait l’appeler. Mais d’autres données récoltées par un radiotélescope indien finirent par confirmer qu’ils avaient bel et bien mis la main sur un objet d’un nouveau genre.\r\n<br /><br />\r\nAu moment de leur détection, les <u>ORC</u> semblèrent d’ailleurs si étranges aux radioastronomes qu’ils préférèrent attendre plusieurs mois avant de publier leurs résultats. L’équipe de l’Australien <b>Ray Norris</b> voulait notamment s’assurer qu’il ne s’agissait pas d’un signal émanant des instruments eux-mêmes, une sorte de « <cite>mirage astronomique</cite> », comme on pourrait l’appeler. Mais d’autres données récoltées par un radiotélescope indien finirent par confirmer qu’ils avaient bel et bien mis la main sur un objet d’un nouveau genre.\r\n<br /><br /> \r\n<b>Au centre de la sphère, une galaxie</b>\r\n<br /><br /> \r\nDeux ans après cette extraordinaire découverte, <b>Ray Norris</b> et son équipe nous livrent dans une étude à paraître dans les <cite>Monthly Notices of the Royal Astronomical Society</cite> une première analyse de ces <u>ORC</u>, et plus précisément d’<u>ORC1</u>, le tout premier à avoir été détecté. Pour tenter d’en apprendre plus sur son anatomie, les chercheurs ont cette fois exploité le réseau d’antennes <i>MeerKAT</I>, de l\'Observatoire sud-africain de radioastronomie. Entré en service en 2018, MeerKAT est l’outil le plus sensible et le plus précis au monde dans le domaine radio, grâce à ses 64 coupoles de 13,5 mètres de diamètre chacune.\r\n<br /><br /> \r\nLa vue plus profonde de <i>MeerKAT</i> sur l\'<u>ORC</u> a révélé un cercle à la structure interne bien plus complexe qu’elle n’apparaissait jusqu’alors. Un cercle en réalité composé de plusieurs arcs, comme entremêlés les uns avec les autres. Au centre de cette structure sphérique et nébuleuse, un point minuscule, qui apparaît également sur les images prises à d’autres longueur d’onde : vraisemblablement une immense galaxie elliptique. Pour les scientifiques, cela ne fait presque plus de doute : la galaxie et l’<u>ORC</u> sont liés, la première étant sans doute responsable de la formation du second. Une reconstitution des champs magnétiques régnant à l’intérieur de l’objet laisse également entendre qu’une onde de choc aurait comprimé l’<u>ORC</u> en expansion. Et pour cause : lorsque les électrons s\'enroulent autour des champs magnétiques qui traversent l\'espace, ils émettent des ondes radio, produisant l\'anneau brillant que nous voyons aujourd\'hui.\r\n<br /><br /> \r\n<b>Trois hypothèses avancées</b>\r\n<br /><br /> \r\nQu’en déduisent les astronomes ? À ce stade, difficile encore d’obtenir une réponse ferme et définitive. Néanmoins, trois hypothèses ont pu être formulées, la première étant à ce stade la plus étayée (ce qui ne signifie pas pour autant qu’elle est la plus favorisée) : la galaxie pourrait avoir connu une période de formation intense d\'étoiles, de sorte que les naissances et les morts d’étoiles successives, phénomènes hautement énergétiques, aient repoussé le gaz et les particules vers l’extérieur sous forme de vent galactique, entraînant une onde de choc en expansion. Seconde option, une collision entre deux trous noirs supermassifs à l\'intérieur de la galaxie pourrait être à l’origine de ces ondes de choc, bien qu’aucune collision de ce genre n’ait encore jamais été observée jusqu’ici. Enfin, les astronomes pourraient être en train de regarder le canon d\'un jet sortant du noyau actif de la galaxie.\r\n<br /><br /> \r\nPour obtenir des réponses, il faudra maintenant attendre la mise en service d\'autres radiotélescopes à haute résolution. En tête de liste, le <u><i>Square Kilometre Array</i> (SKA)</u>, qui disposera de milliers d\'antennes réparties sur deux sites en Australie et en Afrique du Sud, et du <u><i>Next Generation Very Large Array</i> (ngVLA)</u>, aux États-Unis.\r\n<br /><br /> \r\n<center>********************************</center>\r\n<br />\r\n<h4>Sources :</h4>\r\nhttps://www.sciencesetavenir.fr/espace/univers/de-premieres-hypotheses-pour-expliquer-les-etranges-cercles-radio-ces-enigmatiques-objets-de-l-univers-lointain_163520'),
(33, 'https://www.sciencesetavenir.fr/assets/img/2022/05/17/cover-r4x3w1000-6283c5c99d256-d41586-022-00861-6-20245944.jpg', 'De premières hypothèses pour expliquer les «   étranges cercles radio », ces énigmatiques objets de l’Univers lointain', '2022-05-17 21:33:14', 1, '<span class=\"text-muted\">Depuis leur découverte en 2019, ces gigantesques structures visibles uniquement dans le domaine radio prennent quelque peu les astronomes au dépourvu. Dans une récente étude, plusieurs pistes sont avancées pour expliquer leur nature et leur processus de formation.</span>\r\n<br /><br />\r\nQu’il s’agisse de trous noirs, d’exoplanètes tapies dans l’ombre de leur étoile-hôte ou des étonnantes horloges cosmiques que sont les pulsars, les objets de l’Univers sont des sources d’inspiration inépuisables pour les auteurs de science-fiction. Certains d’entre eux, toutefois, réussissent l’exploit d’être à la fois dotés d’une beauté poétique et de rester nimbés de mystère, les scientifiques ne comprenant pas encore leur véritable nature. Il va ainsi pour ceux que l’on appelle les « <cite>étranges cercles radios</cite> » - « <cite>odd radio circles</cite> », ou <u>ORC</u>, en anglais.\r\n<br /><br />\r\n<b>10 fois plus larges que la Voie lactée</b>\r\n<br /><br />\r\nObservés pour la première fois en 2019 à l’aide du radiotélescope <u><i>Australian Square Kilometre Array Pathfinder</i> (ASKAP)</u>, les <u>ORC</u> sont aussi rares qu’énigmatiques. Seuls cinq d’entre eux ont été identifiés jusqu’à présent dans l’Univers. Malgré ce faible échantillon, les chercheurs ont pu établir leur profil général : ce sont des objets qui ne semblent émettre de la lumière qu\'à des longueurs d\'onde radio, qui se trouvent bien au-delà de notre galaxie, à plusieurs milliards d’années-lumière, et qui s’avèrent définitivement grands, pour ne pas dire colossaux. Avec un diamètre d\'environ 1 million d\'années-lumière, ils sont environ 10 fois plus larges que notre galaxie. Jusqu’à présent, c’est peu ou prou tout ce que nous savions de ces objets déstabilisants.\r\n<br /><br />\r\n<center>\r\n<figure style=\"border:1px solid red;width:485px;\">\r\n<img src=\"images/img/orcaskapandmeerkat.jpg\" style=\"border:1px solid red;\"  alt=\"La toute première vue d\'ORC1 (à gauche) obtenue à partir des données d\'ASKAP, et une observation de suivi du même objet avec le radiotélescope MeerKAT\" title=\"La toute première vue d\'ORC1 (à gauche) obtenue à partir des données d\'ASKAP, et une observation de suivi du même objet avec le radiotélescope MeerKAT\">\r\n<figcaption style=\"text-align:justify;padding-right:15px;padding-left:15px;padding-bottom:5px;\">\r\n<b><span class=\"text-muted\">\r\nLa toute première vue d\'ORC1 (à gauche) obtenue à partir des données d\'ASKAP, et une observation de suivi du même objet avec le radiotélescope MeerKAT. – Crédits : EMU/ASKAP/MeerKAT\r\n</span></b>\r\n</figcaption>\r\n</figure>\r\n</center>\r\n<br />\r\nAu moment de leur détection, les <u>ORC</u> semblèrent d’ailleurs si étranges aux radioastronomes qu’ils préférèrent attendre plusieurs mois avant de publier leurs résultats. L’équipe de l’Australien <b>Ray Norris</b> voulait notamment s’assurer qu’il ne s’agissait pas d’un signal émanant des instruments eux-mêmes, une sorte de « <cite>mirage astronomique</cite> », comme on pourrait l’appeler. Mais d’autres données récoltées par un radiotélescope indien finirent par confirmer qu’ils avaient bel et bien mis la main sur un objet d’un nouveau genre.\r\n<br /><br />\r\nAu moment de leur détection, les <u>ORC</u> semblèrent d’ailleurs si étranges aux radioastronomes qu’ils préférèrent attendre plusieurs mois avant de publier leurs résultats. L’équipe de l’Australien <b>Ray Norris</b> voulait notamment s’assurer qu’il ne s’agissait pas d’un signal émanant des instruments eux-mêmes, une sorte de « <cite>mirage astronomique</cite> », comme on pourrait l’appeler. Mais d’autres données récoltées par un radiotélescope indien finirent par confirmer qu’ils avaient bel et bien mis la main sur un objet d’un nouveau genre.\r\n<br /><br /> \r\n<b>Au centre de la sphère, une galaxie</b>\r\n<br /><br /> \r\nDeux ans après cette extraordinaire découverte, <b>Ray Norris</b> et son équipe nous livrent dans une étude à paraître dans les <cite>Monthly Notices of the Royal Astronomical Society</cite> une première analyse de ces <u>ORC</u>, et plus précisément d’<u>ORC1</u>, le tout premier à avoir été détecté. Pour tenter d’en apprendre plus sur son anatomie, les chercheurs ont cette fois exploité le réseau d’antennes <i>MeerKAT</I>, de l\'Observatoire sud-africain de radioastronomie. Entré en service en 2018, MeerKAT est l’outil le plus sensible et le plus précis au monde dans le domaine radio, grâce à ses 64 coupoles de 13,5 mètres de diamètre chacune.\r\n<br /><br /> \r\nLa vue plus profonde de <i>MeerKAT</i> sur l\'<u>ORC</u> a révélé un cercle à la structure interne bien plus complexe qu’elle n’apparaissait jusqu’alors. Un cercle en réalité composé de plusieurs arcs, comme entremêlés les uns avec les autres. Au centre de cette structure sphérique et nébuleuse, un point minuscule, qui apparaît également sur les images prises à d’autres longueur d’onde : vraisemblablement une immense galaxie elliptique. Pour les scientifiques, cela ne fait presque plus de doute : la galaxie et l’<u>ORC</u> sont liés, la première étant sans doute responsable de la formation du second. Une reconstitution des champs magnétiques régnant à l’intérieur de l’objet laisse également entendre qu’une onde de choc aurait comprimé l’<u>ORC</u> en expansion. Et pour cause : lorsque les électrons s\'enroulent autour des champs magnétiques qui traversent l\'espace, ils émettent des ondes radio, produisant l\'anneau brillant que nous voyons aujourd\'hui.\r\n<br /><br /> \r\n<b>Trois hypothèses avancées</b>\r\n<br /><br /> \r\nQu’en déduisent les astronomes ? À ce stade, difficile encore d’obtenir une réponse ferme et définitive. Néanmoins, trois hypothèses ont pu être formulées, la première étant à ce stade la plus étayée (ce qui ne signifie pas pour autant qu’elle est la plus favorisée) : la galaxie pourrait avoir connu une période de formation intense d\'étoiles, de sorte que les naissances et les morts d’étoiles successives, phénomènes hautement énergétiques, aient repoussé le gaz et les particules vers l’extérieur sous forme de vent galactique, entraînant une onde de choc en expansion. Seconde option, une collision entre deux trous noirs supermassifs à l\'intérieur de la galaxie pourrait être à l’origine de ces ondes de choc, bien qu’aucune collision de ce genre n’ait encore jamais été observée jusqu’ici. Enfin, les astronomes pourraient être en train de regarder le canon d\'un jet sortant du noyau actif de la galaxie.\r\n<br /><br /> \r\nPour obtenir des réponses, il faudra maintenant attendre la mise en service d\'autres radiotélescopes à haute résolution. En tête de liste, le <u><i>Square Kilometre Array</i> (SKA)</u>, qui disposera de milliers d\'antennes réparties sur deux sites en Australie et en Afrique du Sud, et du <u><i>Next Generation Very Large Array</i> (ngVLA)</u>, aux États-Unis.\r\n<br /><br /> \r\n<center>********************************</center>\r\n<br />\r\n<h4>Sources :</h4>\r\nhttps://www.sciencesetavenir.fr/espace/univers/de-premieres-hypotheses-pour-expliquer-les-etranges-cercles-radio-ces-enigmatiques-objets-de-l-univers-lointain_163520');
INSERT INTO `articles` (`id`, `image`, `titre`, `publication`, `auteur_id`, `contenu`) VALUES
(34, 'https://www.sciencesetavenir.fr/assets/img/2022/05/23/cover-r4x3w1000-628ba38145eaf-dobbeltstjerne-simulation.jpg', 'Les étoiles binaires, nouveau territoire où chercher de la vie ?', '2022-05-25 13:47:02', 1, '<span class=\"text-muted\">Selon des recherches de l\'Université de Copenhague, les systèmes planétaires autour d\'étoiles binaires peuvent être très différents de ceux autour d\'étoiles uniques. Ils constituent de nouvelles cibles dans la recherche de formes de vie extraterrestre.</span>\r\n<br /><br />\r\nPuisque la seule planète connue avec de la vie, la Terre, orbite autour du Soleil, les systèmes planétaires autour d\'étoiles de taille similaire sont des cibles évidentes pour les astronomes qui tentent de trouver des mondes où celle-ci à pu se développer. Mais près d\'une étoile sur deux, dans cette catégorie, est une étoile binaire, c\'est-à-dire un astre double autour duquel les planètes ne se forment pas de la même façon.\r\n<br /><br />\r\n<b>Des rafales régulières</b>\r\n<br /><br />\r\nNGC 1333-IRAS2A est une jeune étoile binaire située à environ 1.000 années-lumière de la Terre. Les astronomes de l\'Université de Copenhague l\'ont observée à l\'aide du radiotélescope ALMA, au Chili. Les images ainsi obtenues révèlent la présence d\'un disque protoplanétaire, composé de gaz et de poussières, autour de l\'astre. C\'est dans une telle structure que peuvent éventuellement se former des planètes. Pour avoir une meilleure idée de l\'évolution de ce disque, les chercheurs ont également réalisé des simulations informatiques allant à la fois en arrière et en avant dans le temps. Leurs résultats, publiés dans la revue Nature, indiquent que le mouvement des gaz et des poussières ne suit pas un schéma continu. À certains moments – généralement pour des périodes relativement courtes de dix à cent ans tous les mille ans – il s\'accélère et l\'étoile binaire devient dix à cent fois plus brillante, jusqu\'à ce qu\'elle revienne à son état normal.\r\n<br /><br />\r\nVraisemblablement, ce modèle cyclique peut être expliqué par la dualité de l\'étoile binaire. Les deux étoiles tournent l\'une autour l\'autre et, à des intervalles donnés, leur gravité conjointe affectera le disque de gaz et de poussière environnant. Dans cette configuration, d\'énormes quantités de matière tombent vers l\'étoile. « <cite>La chute de matière va déclencher un échauffement important. La chaleur rendra l\'étoile beaucoup plus brillante que d\'habitude</cite>», explique <b>Rajika L. Kuruwita</b>, une des auteures de la publication. « <cite>Ces rafales de chaleur vont déchirer le disque qui se reconstituera mais elles peuvent encore influencer la structure du système planétaire ultérieur</cite> ».\r\n<br /><br />\r\n<b>Le rôle des comètes</b>\r\n<br /><br />\r\nPour comprendre comment le disque est affecté et surtout quelles peuvent être les conséquences de ce remue-ménage pour la capacité de tels systèmes à former des planètes, il faudra mener de nouvelles observations avec ALMA sur des étoiles un peu plus âgées et possédant des planètes ainsi qu\'avec les nouveaux instruments qui seront bientôt à disposition des scientifiques comme le télescope James Webb ou l\'ELT (<i>Extremely Large Telescope</i>) qui permettront d\'obtenir des mesures bien plus précises. Autre aspect à étudier : le devenir des comètes dans de telles conditions. Ces objets composés de glace, de poussière et de molécules organiques sont présumées avoir joué un rôle important dans le système solaire en convoyant sur la jeune Terre un certain nombre d\'éléments ayant contribué à l\'émergence de la vie, c\'est la théorie de la panspermie. Dans les systèmes binaires en formation, l\'échauffement provoqué par les rafales va déclencher l\'évaporation précoce de ces comètes. Cela peut modifier la composition chimique du matériau à partir duquel les planètes sont formées. Il reste à comprendre si cela va créer, ou pas, des conditions favorables au développement du vivant.\r\n<br /><br />\r\nVraisemblablement, ce modèle cyclique peut être expliqué par la dualité de l\'étoile binaire. Les deux étoiles tournent l\'une autour l\'autre et, à des intervalles donnés, leur gravité conjointe affectera le disque de gaz et de poussière environnant. Dans cette configuration, d\'énormes quantités de matière tombent vers l\'étoile. « <cite>La chute de matière va déclencher un échauffement important. La chaleur rendra l\'étoile beaucoup plus brillante que d\'habitude</cite> », explique <b>Rajika L. Kuruwita</b>, une des auteures de la publication.« <cite>Ces rafales de chaleur vont déchirer le disque qui se reconstituera mais elles peuvent encore influencer la structure du système planétaire ultérieur</cite> ». \r\n<br /><br />\r\n<b>Le rôle des comètes</b>\r\n<br /><br />\r\nPour comprendre comment le disque est affecté et surtout quelles peuvent être les conséquences de ce remue-ménage pour la capacité de tels systèmes à former des planètes, il faudra mener de nouvelles observations avec ALMA sur des étoiles un peu plus âgées et possédant des planètes ainsi qu\'avec les nouveaux instruments qui seront bientôt à disposition des scientifiques comme le télescope James Webb ou l\'ELT (<i>Extremely Large Telescope</i>) qui permettront d\'obtenir des mesures bien plus précises. Autre aspect à étudier : le devenir des comètes dans de telles conditions. Ces objets composés de glace, de poussière et de molécules organiques sont présumées avoir joué un rôle important dans le système solaire en convoyant sur la jeune Terre un certain nombre d\'éléments ayant contribué à l\'émergence de la vie, c\'est la théorie de la panspermie. Dans les systèmes binaires en formation, l\'échauffement provoqué par les rafales va déclencher l\'évaporation précoce de ces comètes. Cela peut modifier la composition chimique du matériau à partir duquel les planètes sont formées. Il reste à comprendre si cela va créer, ou pas, des conditions favorables au développement du vivant.\r\n<br /><br /> \r\n<center>********************************</center>\r\n<br />\r\n<h4>Sources :</h4>\r\n● https://www.sciencesetavenir.fr/espace/univers/les-etoiles-binaires-nouveau-territoire-ou-chercher-de-la-vie_163646'),
(36, 'https://www.sciencesetavenir.fr/assets/img/2022/05/23/cover-r4x3w1000-628b9a500e392-image3.jpg', 'La Nasa a réussi à capturer des ondes sonores provenant d\'un trou noir supermassif', '2022-05-26 21:20:08', 2, '<span class=\"text-muted\">Dans une \"sonification\" - traduction de données astronomiques en sons - présentée par la NASA, ce sont de véritables ondes sonores traversant le gaz de l’amas de galaxie Persée qui ont été adaptées à l’oreille humaine</span>.\r\n<br /><br />\r\nDans l’espace, personne n’entend palpiter les trous noirs… Sauf s’ils contiennent du gaz où les ondes sonores peuvent se propager. Au centre de l’amas de Persée, la galaxie géante NGC 1275 abrite un trou noir géant entouré de gaz chaud où se propagent des ondes sonores. Cette découverte a été faite en 2003 à l’aide du télescope spatial Chandra. Pour la première fois, à l’occasion de la semaine des trous noirs de la NASA, qui s’est tenue entre le 2 et le 6 mai 2022, une équipe d’astrophysiciens et de musiciens a rendu ces ondes sonores audibles à nos oreilles – une sonification –, laissant entendre un bruit grave et fluctuant tout autour du trou noir.\r\n<br /><br />\r\n« <cite><b>Dans l’espace personne ne vous entend crier</cite></b> »\r\n<br /><br />\r\nLe cosmos est essentiellement vide, de sorte que le son – qui a besoin d’un support matériel – ne s’y propage pas. D’où le célèbre slogan du film Alien : \"Dans l’espace personne ne vous entend crier\". L’essentiel des informations que nous pouvons recevoir du cosmos nous parviennent sous forme de lumière, puisque celle-ci peut voyager dans le vide spatial. Ce n’est pas la première fois que l’on « sonifie » des sons spatiaux, mais les sonifications antérieures traduisaient en son audible des ondes lumineuses de différents astres afin de communiquer certaines de ses caractéristiques d’une autre façon. Par exemple, afin que des personnes aveugles puissent se faire une idée de ce à quoi pourrait ressembler l’Univers.\r\n<br /><br />\r\nUn autre type de sonification bien connu : la transcription du pulse régulier d’une étoile à neutrons – un astre compact en rotation rapide – en ondes sonores. Le cas relaté ici est très différent, puisque le signal de départ est déjà un son, mais inaudible. Si une onde sonore a besoin de matière pour se propager, cette matière peut être aussi bien solide que liquide ou gazeuse. Dans les trous noirs entourés de matière, en présence de puissants champs magnétiques, comme celui de la galaxie NGC1275, cette dernière se structure en un disque d’accrétion accompagné d’un puissant jet qui s’échappe de part et d’autre, perpendiculairement au disque. Ce jet connaît des explosions périodiques qui créent des bulles et des ondulations dans le gaz chaud qui existe entre les galaxies de cet amas. Le gaz est extrêmement diffus, mais il contient suffisamment de particules pour que de très grandes ondulations le traversent sur des centaines de milliers d\'années-lumière.\r\n<br /><br />\r\n<center>\r\n<iframe width=\"500\" height=\"280\" src=\"https://www.youtube.com/embed/M2wwjBqpgpE\" title=\"YouTube video player\" frameborder=\"0\" allow=\"accelerometer; autoplay; clipboard-write; encrypted-media; gyroscope; picture-in-picture\" allowfullscreen></iframe>\r\n</center>\r\n<br />\r\n<b>À quand la symphonie cosmique ?</b>\r\n<br /><br />\r\nLorsqu\'un gaz est suffisamment chaud, il émet du rayonnement X qui peut alors être détecté par le télescope Chandra X-Ray. Ce sont les variations de l’émission de rayons X dues à ces ondulations sonores qui ont été enregistrées et sonifiées. Seulement, la fréquence de ce son est tellement basse qu’elle complètement inaudible à notre oreille. \"Si nous étions en train de flotter dans cet amas de galaxies, il nous faudrait attendre 10 millions d\'années pour que le pic de l’onde passe, et encore 10 millions d’années pour le pic suivant. Et à chaque passage, nous ne remarquerions qu\'une légère augmentation. En accélérant le temps de façon extrême – des millions de milliards de fois – des centaines d\'ondes pénètrent dans nos oreilles chaque seconde, et nous pouvons les percevoir\" explique Matt Russo, astrophysicien et musicien qui a participé à cette sonification\r\n<br /><br />\r\n.Après avoir déterminé la fréquence de l’onde dans chaque direction de l’image obtenue par Chandra, l’équipe l’a multiplié par 257 – ce qui revient à augmenter la hauteur du son de 57 octaves, chaque octave correspondant à un doublement de fréquence – afin qu’elle devienne perceptible par l’audition humaine (qui s’étend à peu près entre 15 et 20.000 hertz). Alors, à la vue du nombre pléthorique d’objets céleste que l’on découvre dans l’univers observable et aux progrès grandissants des techniques de sonification, on pourrait avoir le droit dans quelques années à une véritable symphonie cosmique. \r\n<br /><br /> \r\n<center>********************************</center>\r\n<br />\r\n<h4>Sources :</h4>\r\nhttps://www.sciencesetavenir.fr/espace/exploration/audio-la-nasa-a-reussi-a-capturer-des-ondes-sonores-provenant-d-un-trou-noir-supermassif_163642'),
(37, 'https://www.sciencesetavenir.fr/assets/img/2021/11/25/cover-r4x3w1000-619f6c073c5fa-000-z1712.jpg', 'Le Soleil fait-il du bruit ?', '2022-06-01 20:32:08', 1, '<span class=\"text-muted\">Notre étoile est-elle totalement silencieuse ? La Nasa s\'est déjà penchée sur la question et a révélé de fascinantes informations. C\'est la nouvelle \"Question de la semaine\" de Sciences et Avenir.</span>\r\n<br /><br />\r\nS\'il suffit de lever le nez pour voir le Soleil, en revanche il est beaucoup (beaucoup) plus compliqué de l\'entendre. Alors, notre étoile fait-elle du bruit ? C\'est la question posée par Christophe de Seille sur la page Facebook de Sciences et Avenir ; sélectionnée cette semaine par la rédaction, elle fait l\'objet de notre rituelle \"Question de la semaine\".\r\n<br /><br />\r\n<b>Entendre le mouvement du Soleil</b>\r\n<br /><br />\r\n« <cite>Le Soleil n\'est pas silencieux. Le bourdonnement bas et palpitant du rythme cardiaque de notre étoile permet aux scientifiques de regarder à l\'intérieur, révélant d\'énormes rivières de matière solaire qui coulent </cite> », expliquait le 25 juillet 2018 la Nasa sur son site internet. Du dynamisme de notre étoile naît donc des bruits. Mais encore faut-il pouvoir enregistrer certaines données et les traiter pour les entendre, car dans le quasi-vide aucun son ne peut se propager. Et c\'est bien ce qu\'a fait l\'agence spatiale américaine, avec l\'aide de certains de ses partenaires. « <cite>Les données de l\'ESA (Agence spatiale européenne) et de l\'Observatoire solaire et héliosphérique (SOHO) de la Nasa ont capturé le mouvement dynamique de l\'atmosphère du Soleil depuis plus de 20 ans, explique l\'Agence spatiale américaine. Aujourd\'hui, nous pouvons entendre le mouvement du Soleil - toutes ses vagues, boucles et éruptions - avec nos propres oreilles</cite > ». \r\n<br /><br />\r\nDans la vidéo ci-dessous, il est possible d\'écouter des sons solaires générés à partir de 40 jours de données, celles-ci ayant été rendues audibles par le Stanford Experimental Physics Lab. Celui-ci a notamment filtré les sons à environ 3 mHz afin de les nettoyer du bruit des instruments. « <cite>Enfin, il a interpolé les données manquantes et mis à l\'échelle le tout (les accélérant d\'un facteur 42.000 pour les amener dans la plage audible de l\'audition humaine)</cite> », explique la Nasa. Le résultat révèle que notre étoile bourdonne !\r\n<br /><br />\r\n<center>\r\n<iframe width=\"426\" height=\"315\" src=\"https://www.youtube.com/embed/-I-zdmg_Dno\" title=\"YouTube video player\" frameborder=\"0\" allow=\"accelerometer; autoplay; clipboard-write; encrypted-media; gyroscope; picture-in-picture\"  style=\"border:2px red solid\" allowfullscreen></iframe>\r\n</center>\r\n<br /><br />\r\n<b>« <cite>Utiliser les vibrations de notre étoile nous permet de voir à l\'intérieur</cite> »</b>\r\n<br /><br />\r\n« <cite>Les vagues (de matière, ndlr) voyagent et rebondissent à l\'intérieur du Soleil, et si vos yeux étaient suffisamment sensibles, ils pourraient véritablement voir cela</cite> », remarque <b>Alex Young</b>, directeur associé à la Division des sciences héliophysiques du Goddard Space Flight Center de la Nasa. Il ajoute : « <cite>Nous n\'avons pas de microscope pour zoomer à l\'intérieur du Soleil donc utiliser les vibrations de notre étoile nous permet de voir à l\'intérieur.</cite> » De ces sons, les chercheurs peuvent déduire des informations sur l\'activité solaire, notamment sur les éruptions solaires mais aussi sur les éjections de masse coronale.\r\n<br /><br />\r\nLes éruptions se produisent dans l’atmosphère du Soleil lorsque des champs magnétiques accélèrent des particules à des niveaux d’énergie considérables, des millions de fois supérieurs à ceux d’une explosion nucléaire telle qu’on les connaît sur Terre. Outre leur aspect spectaculaire, les éruptions solaires s’accompagnent parfois d\'une éjection de matière coronale, où des particules sont projetées à très grande vitesse dans l’espace depuis la couronne solaire. \r\n<br /><br />\r\n<b>Une tempête au cœur du Soleil</b>\r\n<br /><br />\r\nLes tempêtes solaires sont de nature à perturber les télécommunications et les réseaux électriques sur Terre. On comprend alors facilement pourquoi écouter le Soleil et en traduire l\'activité est important pour les chercheurs.\r\n<br /><br />\r\n<b>Gazouillis, grincements, bruissements : des fluctuations jouées comme des sons</b>\r\n<br /><br />\r\nSi SOHO a permis de générer des sons solaires audibles grâce aux données récoltées, elle n\'est pas le seul instrument à l\'avoir fait. En 2020, la sonde Parker Solar Probe avait quant à elle ciblé le \" bruit \" des vents solaires.\r\n<br /><br />\r\nSon instrument FIELDS « <cite>peut écouter les fluctuations électriques et magnétiques causées par les ondes plasma. Et il peut \" entendre \"  lorsque les ondes et les particules interagissent les unes avec les autres, enregistrant des informations de fréquence et d\'amplitude sur ces ondes plasma, que les scientifiques peuvent ensuite jouer comme des ondes sonores</cite> », expliquait dans un communiqué le laboratoire de physique appliquée de l\'Université Johns-Hopkins.\r\n<br /><br /> \r\n<center>********************************</center>\r\n<br />\r\n<h4>Sources :</h4>\r\nhttps://www.sciencesetavenir.fr/espace/systeme-solaire/le-soleil-fait-il-du-bruit_159431'),
(40, 'https://static.nationalgeographic.fr/files/styles/image_3200/public/pia21345-full.webp', 'On sait maintenant combien de temps dure une journée sur Saturne', '2022-06-01 21:03:40', 1, '<span class=\"text-muted\">\r\nL\'ombre de Saturne semble mordre dans ses anneaux dans une image composite réalisée à l\'aide de certaines des images finales de la sonde Cassini de la NASA, capturées en octobre 2016. Aujourd\'hui, près de trois ans plus tard, des astronomes viennent d\'annoncer la découverte de 20 petites lunes en orbite autour de Saturne qui compte à présent 82 satellites naturels au total</span>\r\n<br /><br />\r\nLa géante gazeuse a longtemps été la seule planète du système solaire pour laquelle nous n\'avions pas cette information.\r\n<br /><br />\r\nLa beauté du délicat système des anneaux de Saturne est incontestable, mais la fascination que nous avons pour eux ne se limite pas à leur aspect esthétique ; ces anneaux sont aussi la promesse de découvertes scientifiques exceptionnelles.\r\n<br /><br />\r\nUne étude publiée dans The Astrophysical Journal utilise les anneaux de la planète pour répondre à une question étonnamment frustrante : Combien de temps dure une journée sur Saturne ? La réponse : 10 heures, 33 minutes et 38 secondes.\r\n<br /><br />\r\nLa beauté du délicat système des anneaux de Saturne est incontestable, mais la fascination que nous avons pour eux ne se limite pas à leur aspect esthétique ; ces anneaux sont aussi la promesse de découvertes scientifiques exceptionnelles.\r\n<br /><br />\r\nUne étude publiée dans The Astrophysical Journal utilise les anneaux de la planète pour répondre à une question étonnamment frustrante : Combien de temps dure une journée sur Saturne ? La réponse : 10 heures, 33 minutes et 38 secondes.\r\n<br /><br />\r\n<a href=\"https://sire-ngcfr-pmd.fichub.com/mpx/NGP_NatGeo_GS/948/644/video-1504078909_130916933197_mp4_video_1280x0_2432000_primary_audio_eng_5.mp4\" target=\"_blank\" style=\"color:blue\">SATURNE : LE RETOUR DE LA SONDE CASSINI</a>\r\n<br /><br />\r\nLes propriétés de ces ondes dépendent de ce qu\'elles traversent et de ce qui les a générées. C\'est dans cet esprit que l\'équipe de Mankovich a créé un modèle numérique sur mesure, conçu pour utiliser les ondes des anneaux de Saturne afin de déterminer la structure intérieure de la planète. Leur modèle a non seulement révélé une partie du fonctionnement interne saturnien, mais il a également permis de calculer la durée d\'une journée sur Saturne.\r\n<br /><br />\r\nL’équipe a fait « un travail prudent et fiable » en résolvant cette question récurrente, explique Tiscareno.\r\n<br /><br />\r\nUne immense sonde spatiale\r\n<br /><br />\r\nPourquoi cela a-t-il pris si longtemps ? Le fait que la masse interne de Saturne et son comportement puissent causer des ondes circulaires a été mis en évidence pour la première fois au début des années 1990. Et une série d\'études récentes dirigées par Matthew Hedman, de l\'Université de l\'Idaho, se sont également appuyées sur la notion de développement de ce que l\'équipe appelle la kronoseismologie, ou la capacité de voir ce qui se passe à l\'intérieur de Saturne en utilisant les vagues dans ses anneaux, un concept initialement suggéré dans 1982.\r\n<br /><br />\r\nEnfin, Cassini a percé le mystère, comme l\'explique James O\'Donoghue, spécialiste en sciences planétaires au Goddard Space Flight Center de la NASA, qui n’a pas participé à l’étude.\r\n<br /><br />\r\nDe nombreux engins spatiaux ont survolé Saturne, mais Cassini a orbité autour de la géante gazeuse pendant 13 ans avec des instruments capables de regarder ses anneaux avec une résolution sans précédent. Cela lui a permis de déceler de minuscules détails « impossibles à observer » avec des télescopes au sol, explique O\'Donoghue. \r\n<br /><br />\r\nMême si nous savons que quelque chose dans la géante gazeuse provoque l\'apparition de ces ondes circulaires, personne ne sait ce que cela pourrait être. Un nouveau document sur le site arXiv.org suggère que des impacts géants dans le passé lointain de Saturne pourraient être responsables, pour ainsi dire, et provoquer le chaos interne en cours, même si la cause de ces oscillations à l\'intérieur de Saturne reste un véritable mystère.\r\n<br /><br /> \r\n<center>********************************</center>\r\n<br />\r\n<h4>Sources :</h4>\r\nhttps://www.nationalgeographic.fr/espace/on-sait-maintenant-combien-de-temps-dure-une-journee-sur-saturne'),
(42, 'https://www.sciencesetavenir.fr/assets/img/2022/04/05/cover-r4x3w1000-624c54ebda7ed-capture-d-ecran-2022-04-05-a-16-23-47.jpg', 'Notre galaxie serait presque aussi vieille que l’Univers !', '2022-06-01 21:51:22', 1, '<span class=\"text-muted\">13 milliards d’années, soit 800 millions d’années après le <u>Big Bang.</u> Tel serait l’âge de certaines régions de la Voie lactée, selon une étude parue dans la revue Nature. Un résultat qui rallonge de 2 milliards d’années sa naissance et conduirait à réécrire l’histoire de notre galaxie.</span>  \r\n<br /><br /> \r\n Notre galaxie, la <b>Voie lactée</b>, qui héberge quelque 200 milliards d’étoiles et mesure plus de 100.000 années-lumière de diamètre, pourrait prendre un sacré \" coup de vieux \". Selon des travaux publiés dans la revue Nature, certaines régions auraient commencé à se former en effet il y a 13 milliards d’années, soit 800 millions d’années seulement après le <u>Big Bang</u>… et 2 milliards d’années de plus que ce que les astronomes imaginaient jusqu’à présent ! L’étude est signée par <b>Maosheng Xiang</b> et <b>Hans-Walter Rix</b> deux scientifiques de l\'Institut Max-Planck d’astronomie à Heidelberg, en Allemagne.\r\n<br /><br /> \r\n<center>\r\n<figure style=\"border:1px solid red;width:838px;\">\r\n<img src=\"images/img/voielactee.jpg\" style=\"border:1px solid red;\"  alt=\"Anatomie de la Voie lactée\" title=\"Anatomie de la Voie lactée\">\r\n<figcaption style=\"text-align:justify;padding-right:15px;padding-left:15px;padding-bottom:5px;\">\r\n<b class=\"text-muted\">\r\nAnatomie de la Voie lactée  \r\n</b>\r\n</figcaption>\r\n</figure>\r\n</center>\r\n<br />\r\n<b>Les atomes d’hydrogène ne fusionnent plus</b>\r\n<br /><br /> \r\nLe duo de chercheurs a reconstitué l’histoire de la Voie lactée en déterminant l’âge de 250.000 étoiles servant en quelque sorte de traceurs. Elles appartiennent à la famille des \" sous-géantes \" et correspondent à une étape particulière de la vie des étoiles lorsque les atomes d’hydrogène ne fusionnent plus en leur cœur. La production d’énergie se déplace alors vers une couche entourant le noyau provoquant ainsi un gonflement de l’astre. Or cette étape évolutive, qui précède la transformation en \" géante rouge \", est relativement brève : elle ne dure en effet \" que \" quelques millions d’années, ce qui permet de dater l’âge de ces étoiles avec précision. \r\n<br /><br /> \r\n<b>Des informations sur la luminosité et la composition chimique des étoiles</b>\r\n<br /><br /> \r\nEncore faut-il pouvoir les caractériser, les identifier comme telles. Pour cela, les scientifiques allemands se sont fondés sur deux types de données : celles du catalogue EDR3, tout d’abord, livré en 2020 par le <u>satellite européen Gaia</u>, et celles du <u>télescope LAMOST (<i>Large Sky Area Multi-Object Fibre Spectroscopic Telescope</i>)</u> situé à l’est de la Chine. Tandis que les premières ont fourni des informations sur la luminosité des étoiles, les secondes ont renseigné les chercheurs sur leur composition chimique, notamment leur \" métallicité \" (la fraction de leur masse qui n’est pas composée d’hydrogène ou d’hélium).\r\n<br /><br /> \r\n<b>Un disque de 6000 années-lumière de hauteur </b>\r\n<br /><br /> \r\nEn combinant ces données et en s’appuyant sur des simulations informatiques complexes, l’âge de ces 250.000 étoiles a pu être déterminé avec un niveau d’exactitude inédit. Les analyses indiquent ainsi que la plupart des étoiles de notre galaxie se seraient formées au cours de deux phases distinctes. La première aurait donc débuté il y a 13 milliards d’années dans une région de la Voie lactée qu’on appelle le \" disque épais \", de 6000 années-lumière de hauteur. Il englobe lui-même le bulbe central et le “disque fin”, ainsi dénommé car trois fois moins épais. Celui-ci est toutefois plus étendu. Il abrite en outre les bras de la galaxie ainsi que la majorité des étoiles de la bande blanchâtre visible à l’œil nu dans le ciel nocturne.\r\n<br /><br /> \r\n<center>\r\n<figure style=\"border:1px solid red;width:803px;\">\r\n<img src=\"images/img/voielactee2.jpg\" style=\"border:1px solid red;\"  alt=\"Le disque épais de notre galaxie est presque trois fois plus haut\" title=\"Le disque épais de notre galaxie est presque trois fois plus haut\">\r\n<figcaption style=\"text-align:justify;padding-right:15px;padding-left:15px;padding-bottom:5px;\">\r\n<b class=\"text-muted\">\r\nLe disque épais de notre galaxie est presque trois fois plus haut\r\n</b>\r\n</figcaption>\r\n</figure>\r\n</center>\r\n<br />\r\n<b>Collision entre deux galaxies</b>\r\n<br /><br /> \r\nLa deuxième phase aurait été initiée deux milliards d’années plus tard, lorsqu’une galaxie naine dénommée <b>Gaia-Encelade</b> est entrée en collision et a fusionné avec notre jeune galaxie. Le disque épais se serait alors rempli d’un grand nombre d’étoiles. Et le disque fin n’aurait lui-même émergé que 5 à 6 milliards d’années plus tard suite à une nouvelle vague de formation d’étoiles dont faisait partie le Soleil. Ces découvertes « <cite>révolutionnent notre vision du moment et de la manière dont notre galaxie s’est formée</cite> », s’enflamme <b>Maosheng Xiang</b> dans un communiqué de l’Agence spatiale européenne. Une confirmation et de plus amples détails pourraient être apportés très prochainement par <u>télescope spatial James-Webb</u>, qui sera opérationnel en juin et étudiera les premières galaxies telle la Voie lactée, mais aussi par le prochain catalogue de Gaia attendu lui aussi en juin 2022\r\n<br /><br /> \r\n<center>********************************</center>\r\n<br />\r\n<h4>Sources :</h4>\r\nhttps://www.sciencesetavenir.fr/espace/notre-galaxie-serait-presque-aussi-vieille-que-l-univers-lui-meme_162712\r\n'),
(43, 'https://www.sciencesetavenir.fr/assets/img/2020/06/03/cover-r4x3w1000-5ed79322853b8-edward-white-premier-americain-sortie-spatiale.jpg', 'Le 3 juin 1965, Edward White devenait le premier Américain à sortir dans l\'espace', '2022-06-03 13:13:00', 2, '<span class=\"text-muted\">Son nom est peu connu du grand public, et pourtant, Edward White (dit \"Ed White\") a marqué l\'histoire de la conquête spatiale, en devenant le premier Américain à effectuer une sortie extra-véhiculaire dans l’espace.</span>\r\n<br /><br />\r\nNé le 14 novembre 1930 à San Antonio (États-Unis), fils d’un pilote vétéran, <b>Edward White</b> débute l’aviation à seulement 12 ans, aux côtés de son père. Il intègre par la suite l’Armée de l’Air américaine pour suivre la voie familiale. En 1957, c’est en Allemagne qu’il découvre le premier exploit du programme spatial de l’URSS : Spoutnik 1, le premier satellite terrestre artificiel, a été lancé avec succès. La course vers la conquête spatiale est alors engagée, et <b>Edward White</b> rentre en Amérique pour y participer. « <cite>A partir de là, tout ce que je faisais semblait me préparer pour le vol spatial</cite> », déclara plus tard <b>Edward White</b>  à <i>LIFE magazine</i>. \r\n<br /><br />\r\n<b>La mission Gemini 4, en vue d\'un voyage vers la Lune</b>\r\n<br /><br />\r\nEn 1962, après avoir obtenu un master en ingénierie aéronautique de l’Université du Michigan (Etats-Unis),<b> Edward White</b> fait partie d’une liste de neuf astronautes sélectionnés parmi plus de 200 candidats pour rejoindre le <u>programme Gemini de la Nasa</u>. Liste où figurent notamment les noms de <b>Neil Armstrong</b> et de <b>James Lovell</b>, commandant de la mythique mission <u>Apollo 13</u>. Le 3 juin 1965, aux côtés du pilote <b>James McDivitt, Edward White</b>  décolle à bord de la <u>capsule Gemini 4</u> pour un voyage qui changera le cours de la conquête spatiale américaine. Ce vol, prévu pour étudier les limites du vol spatial habité en vue d’un voyage vers la Lune, fait également suite à la mission soviet <u>Voskhod 2</u>, qui vit <b>Alexei Leonov</b> devenir le premier Homme de l’Histoire à réaliser une sortie dans l’espace, en mars 1965.\r\n<br /><br />\r\n<center>\r\n<figure style=\"border:1px solid red;width:456px;\">\r\n<img src=\"images/img/couvertureleonovseta.jpg\" style=\"border:1px solid red;\"  alt=\"Couverture du n° 222 de Sciences et Avenir consacré à Alexeï Leonov © Sciences et Avenir \" title=\"Couverture du n° 222 de Sciences et Avenir consacré à Alexeï Leonov © Sciences et Avenir \">\r\n<figcaption style=\"text-align:justify;padding-right:15px;padding-left:15px;padding-bottom:5px;\">\r\n<span class=\"text-muted\">\r\n<i>Couverture du n° 222 de Sciences et Avenir consacré à Alexeï Leonov © Sciences et Avenir </i>\r\n</span>\r\n</figcaption>\r\n</figure>\r\n</center>\r\n<br />\r\n<b>Le gant d\'<b>Edward White</b> ... premier déchet humain libéré dans l\'espace !</b>\r\n<br /><br />\r\nComme la plupart des missions spatiales, <u>Gemini 4</u> embarque avec elle une série d’expériences que les deux astronautes vont mener durant leur voyage. Mais les deux objectifs principaux étaient clairs : réussir un vol habité de 4 jours, le plus long jamais organisé par la Nasa et réaliser une première sortie extra-véhiculaire. Tout cela en vue de \" rattraper \" l’URSS dans la course à l’espace. Ainsi, après trois rotations autour de la Terre, quelques heures après avoir décollé, <b>Edward White</b>  s\'apprête à sortir dans l’espace. Rattaché par la capsule simplement par un tube lui apportant de l’oxygène, Edward s’éloigne jusqu’à sept mètres de sa capsule à l\'aide d\'un propulseur et flotte pendant plus de 20 minutes dans le vide ! Au moment de rentrer, l’astronaute déclare : « <cite>C’est le moment le plus triste de ma vie</cite> ». Lorsqu’il retourne dans la capsule et ferme l’écoutille de sécurité, il perd un gant thermique, qui deviendra alors... le premier déchet humain libéré dans l’espace ! Les images de la sortie spatiale <b>d\'Edward White</b> ont pu être capturées par les caméras accrochées à la <u>capsule Gemini 4</u>. La vidéo ci-dessous en présente un court extrait.\r\n<br /><br />\r\n<center>\r\n<iframe width=\"426\" height=\"250\" src=\"https://www.youtube.com/embed/AM7qh7fk2JU\" title=\"YouTube video player\" style=\"border:2px solid red\" allow=\"accelerometer; autoplay; clipboard-write; encrypted-media; gyroscope; picture-in-picture\" allowfullscreen></iframe>\r\n</center>\r\n<br />\r\n<b>La mission Apollo 1 lui sera fatale</b>\r\n<br /><br />\r\nÀ la suite de cet exploit retentissant, la Nasa lance un nouveau programme spatial : <u>Apollo</u>. L\'objectif est clair et les missions telles que <u>Gemini 4</u> le permettent, les États-Unis souhaitent désormais être les premiers à poser un pied sur la Lune. <b>Edward White</b> intègre l’équipe de la <u>mission Apollo 1</u>, qui lui sera fatale. Le 29 janvier 1967, lors d’un entraînement dans le module spatial à la base du Cap Canaveral en Floride (États-Unis), l’équipage, composé de <b>White, Gus Grissom</b> et de <b>Roger Chaffee</b>, perd la vie dans un incendie ; devenant alors les premières victimes d’un entraînement spatial. Une catastrophe qui soulèvera les nombreux problèmes liés aux premières missions Apollo, notamment l’utilisation de matériaux inflammables.\r\n<br /><br />\r\nDe nombreuses médailles et honneurs posthumes ont été attribués à <b>Edward White</b> pour sa bravoure et ses accomplissements. En 1971, les astronautes de la <u>mission Apollo 15</u> déposent sur la Lune une œuvre commémorative, <i>Fallen Astronaut</i>, où est sculpté le nom d’<b>Edward White</b>. De plus, des images de sa sortie spatiale iconique figurent sur le disque gravé porté par les deux sondes Voyager, véritables bouteilles à la mer parcourant l’Univers.\r\n<br /><br /> \r\n<center>********************************</center>\r\n<br />\r\n<h4>Sources :</h4>\r\nhttps://www.sciencesetavenir.fr/espace/exploration/premiere-sortie-extra-vehiculaire-americaine_144876'),
(44, 'https://medias.pourlascience.fr/api/v1/images/view/6231b7e3eeb528381f327706/wide_1300/image.jpg', 'Une bulle locale à l’origine des étoiles de notre voisinage galactique', '2022-06-03 13:31:14', 2, '<span class=\"text-muted\">Le Système solaire se trouve au sein d’une bulle géante pauvre en gaz, issue de l’explosion de plusieurs supernovæ durant les dix à vingt derniers millions d’années. Le gaz comprimé à la surface de cette bulle donne naissance à de jeunes étoiles. </span> \r\n<br /><br /> \r\nLa Voie lactée, avec ses quelque 200 milliards d’étoiles, est tout aussi riche en gaz. Loin de se répartir uniformément, ce dernier s’accumule dans certaines régions et en délaisse d’autres. C’est le cas du voisinage du Soleil qui constitue la « bulle locale », une cavité entourée d’une enveloppe de gaz neutre et de poussière, et remplie d’un plasma chaud et peu dense comme l\'ont observé <b>Lucky Puspitarini</b> et <b>Rosine Lallement</b>, de l\'observatoire de Paris, et leurs collègues, en 2014. Pour la première fois, grâce aux données du <u>télescope spatial Gaia</u>, <b>Catherine Zucker</b>, du centre d\'astrophysique de Harvard et Smithsonian (CfA), et ses collègues ont retracé l’histoire de cette région. Résultat ? La plupart des pouponnières d’étoiles (des nuages de gaz où naissent de jeunes étoiles), situées à moins de 650 années-lumière du Soleil, se seraient formées suite à la création et l’expansion de la bulle locale, il y a 14 millions d\'années environ.\r\n<br /><br /> \r\nL’existence de la bulle locale était déjà connue des scientifiques depuis la fin des années 1970. Le gaz environnant aurait été soufflé par une ou plusieurs supernovæ (explosion violente marquant la fin de vie d’étoiles massives) dont les masses et trajectoires avait notamment été calculées par <b>Dieter Breitschwerdt</b>, de l’institut de technologie de Berlin, et ses collègues, en 2016. Les astres nés au sein d’un même nuage et dotés de masses similaires seraient arrivés au terme de leur existence dans une fenêtre de temps s’étendant sur à peine quelques millions d’années. Cependant, les astronomes n’avaient pas encore réussi à reconstituer la forme et l’extension précise de la bulle locale.\r\n<br /><br /> \r\nLe <u>satellite Gaia</u>, en réalisant un catalogue ultra précis de la position et du mouvement des étoiles dans le voisinage du Soleil, a ouvert la possibilité d’en savoir plus sur l’histoire de la bulle locale. <b>Catherine Zucker</b> et ses collègues ont cartographié en trois dimensions cette région, et notamment la position de sept nuages moléculaires où se forment de nouvelles étoiles. Les chercheurs ont montré que ces nuages se trouvent à la surface de la bulle locale.\r\n\r\n<br /><br /> \r\nD’après le modèle des chercheurs, l’explosion en série d’une quinzaine de supernovæ, ayant commencé il y a 14 millions d’années, serait à l’origine de cette bulle de plasma. Les étoiles progénitrices des supernovæ se trouvaient probablement dans l’association riche en étoiles Scorpion-Centaure, située aujourd’hui à environ 400 années-lumière du Soleil.\r\n<br /><br /> \r\nLoin d’être figée, la bulle continuerait de croître à une vitesse d’environ 6 kilomètres par seconde. L’onde de choc produite aux bords de la bulle accumulerait du gaz et de la poussière, des conditions propices à la formation des étoiles.\r\n<br /><br /> \r\nSi actuellement le Système solaire se trouve au centre de la bulle, ce n’est que le fruit du hasard. Il y a 14 millions d’années, le Soleil était loin de la première étoile qui a explosé en supernova. Il aurait pénétré dans la bulle il y a près de 5 millions d’années et aurait continué sur sa propre trajectoire. Quand on suppose que les bulles sont rares, la probabilité de se trouver au centre d’une telle bulle est extrêmement faible. Ce raisonnement laisse penser que le gaz galactique serait, au contraire, parsemé d’un grand nombre de ces bulles. Un résultat qui soulève de nombreuses questions : les bulles entrent-elles en collision ? Comment interagissent-elles ? Comment entraînent-elles la naissance d\'étoiles ? Est-il possible de les cartographier ? Etc.\r\n<br /><br /> \r\n<center>********************************</center>\r\n<br />\r\n<h4>Sources :</h4>\r\nhttps://www.pourlascience.fr/sd/astrophysique/une-bulle-locale-a-l-origine-des-etoiles-de-notre-voisinage-galactique-23400.php');

-- --------------------------------------------------------

--
-- Structure de la table `auteurs`
--

CREATE TABLE `auteurs` (
  `id` int(11) NOT NULL,
  `pseudo` varchar(255) NOT NULL,
  `email` varchar(255) NOT NULL,
  `password` varchar(255) NOT NULL
) ENGINE=InnoDB DEFAULT CHARSET=utf8mb4;

--
-- Déchargement des données de la table `auteurs`
--

INSERT INTO `auteurs` (`id`, `pseudo`, `email`, `password`) VALUES
(1, 'Lionel', 'lionel@gmail.com', '$2y$10$xY.R4Os0xgqDqsfen21QyeUDeVOEa/H4vnqMvTpxKOBt4gS44szqm'),
(2, 'Pepere19', 'pepere19@pa.fr', '$2y$10$/0ofoYGrvMOHVxT0EKOt5eR2VeOStDpqFTj8/dfNs3nmhcQfhSJJS');

-- --------------------------------------------------------

--
-- Structure de la table `categories`
--

CREATE TABLE `categories` (
  `id` int(11) NOT NULL,
  `nom_categorie` text NOT NULL
) ENGINE=InnoDB DEFAULT CHARSET=utf8mb4;

--
-- Déchargement des données de la table `categories`
--

INSERT INTO `categories` (`id`, `nom_categorie`) VALUES
(1, 'Astronomie'),
(2, 'Aérospatial');

-- --------------------------------------------------------

--
-- Structure de la table `categorie_articles`
--

CREATE TABLE `categorie_articles` (
  `id` int(11) NOT NULL,
  `id_article` int(11) NOT NULL,
  `id_categorie` int(11) NOT NULL
) ENGINE=InnoDB DEFAULT CHARSET=utf8mb4;

--
-- Déchargement des données de la table `categorie_articles`
--

INSERT INTO `categorie_articles` (`id`, `id_article`, `id_categorie`) VALUES
(13, 11, 1),
(17, 12, 1),
(18, 18, 2),
(19, 19, 1),
(20, 20, 2),
(21, 21, 1),
(22, 22, 2),
(23, 23, 1),
(24, 24, 1),
(25, 24, 2),
(26, 25, 1),
(28, 27, 1),
(30, 29, 1),
(31, 30, 1),
(33, 32, 1),
(34, 33, 1),
(35, 34, 1),
(37, 36, 1),
(38, 37, 1),
(41, 40, 1),
(43, 42, 1),
(44, 43, 2),
(45, 44, 1);

-- --------------------------------------------------------

--
-- Structure de la table `commentaires`
--

CREATE TABLE `commentaires` (
  `id` int(11) NOT NULL,
  `pseudo` varchar(255) NOT NULL,
  `content` text NOT NULL,
  `publication` datetime NOT NULL DEFAULT current_timestamp(),
  `article_id` int(11) NOT NULL
) ENGINE=InnoDB DEFAULT CHARSET=utf8mb4;

--
-- Déchargement des données de la table `commentaires`
--

INSERT INTO `commentaires` (`id`, `pseudo`, `content`, `publication`, `article_id`) VALUES
(2, 'Toto', 'Moi, pourtant, j\'arrive à perdre le Nord !', '2022-03-02 09:52:35', 11),
(3, 'Lulu', 'Le mouvement qui modifie le pôle Nord céleste porte le nom de précession. Au cours d’une période d’environ 26 000 ans, l’axe de rotation de la Terre trace un cercle imaginaire dans le ciel. Comme une toupie mal lancée, le pôle Nord de la Terre oscille sur son axe. ', '2022-03-02 22:15:39', 11),
(4, 'Jojo', 'C\'est trop calé pour ma pomme !', '2022-03-02 22:19:57', 11),
(11, 'Bébert56', 'Moi j\'ai une photo où sont réunis Alexei Leonov, John Glenn et Adrienne Bolland.\r\nCela vous en un coin, non ?', '2022-03-04 14:09:52', 22);

--
-- Index pour les tables déchargées
--

--
-- Index pour la table `articles`
--
ALTER TABLE `articles`
  ADD PRIMARY KEY (`id`),
  ADD KEY `auteur_id` (`auteur_id`);

--
-- Index pour la table `auteurs`
--
ALTER TABLE `auteurs`
  ADD PRIMARY KEY (`id`),
  ADD UNIQUE KEY `email` (`email`);

--
-- Index pour la table `categories`
--
ALTER TABLE `categories`
  ADD PRIMARY KEY (`id`);

--
-- Index pour la table `categorie_articles`
--
ALTER TABLE `categorie_articles`
  ADD PRIMARY KEY (`id`),
  ADD KEY `id_article` (`id_article`),
  ADD KEY `categorie_articles_ibfk_2` (`id_categorie`);

--
-- Index pour la table `commentaires`
--
ALTER TABLE `commentaires`
  ADD PRIMARY KEY (`id`),
  ADD KEY `article_id` (`article_id`);

--
-- AUTO_INCREMENT pour les tables déchargées
--

--
-- AUTO_INCREMENT pour la table `articles`
--
ALTER TABLE `articles`
  MODIFY `id` int(11) NOT NULL AUTO_INCREMENT, AUTO_INCREMENT=45;

--
-- AUTO_INCREMENT pour la table `auteurs`
--
ALTER TABLE `auteurs`
  MODIFY `id` int(11) NOT NULL AUTO_INCREMENT, AUTO_INCREMENT=3;

--
-- AUTO_INCREMENT pour la table `categories`
--
ALTER TABLE `categories`
  MODIFY `id` int(11) NOT NULL AUTO_INCREMENT, AUTO_INCREMENT=5;

--
-- AUTO_INCREMENT pour la table `categorie_articles`
--
ALTER TABLE `categorie_articles`
  MODIFY `id` int(11) NOT NULL AUTO_INCREMENT, AUTO_INCREMENT=46;

--
-- AUTO_INCREMENT pour la table `commentaires`
--
ALTER TABLE `commentaires`
  MODIFY `id` int(11) NOT NULL AUTO_INCREMENT, AUTO_INCREMENT=12;

--
-- Contraintes pour les tables déchargées
--

--
-- Contraintes pour la table `articles`
--
ALTER TABLE `articles`
  ADD CONSTRAINT `articles_ibfk_1` FOREIGN KEY (`auteur_id`) REFERENCES `auteurs` (`id`);

--
-- Contraintes pour la table `categorie_articles`
--
ALTER TABLE `categorie_articles`
  ADD CONSTRAINT `categorie_articles_ibfk_1` FOREIGN KEY (`id_article`) REFERENCES `articles` (`id`),
  ADD CONSTRAINT `categorie_articles_ibfk_2` FOREIGN KEY (`id_categorie`) REFERENCES `categories` (`id`);

--
-- Contraintes pour la table `commentaires`
--
ALTER TABLE `commentaires`
  ADD CONSTRAINT `commentaires_ibfk_1` FOREIGN KEY (`article_id`) REFERENCES `articles` (`id`);
COMMIT;

/*!40101 SET CHARACTER_SET_CLIENT=@OLD_CHARACTER_SET_CLIENT */;
/*!40101 SET CHARACTER_SET_RESULTS=@OLD_CHARACTER_SET_RESULTS */;
/*!40101 SET COLLATION_CONNECTION=@OLD_COLLATION_CONNECTION */;
